Dota 2,5391727528
Team Fortress 2,1197885641
Sid Meier's Civilization® V,777257322
,754706756
Counter-Strike,569676280
Counter-Strike: Source,549369386
Garry's Mod,483423927
The Elder Scrolls V: Skyrim,386992154
Counter-Strike: Global Offensive,354250698
Call of Duty®: Modern Warfare® 2,277854837
Call of Duty®: Modern Warfare® 3,226900035
Borderlands 2,186459916
Empire: Total War™,181787297
Left 4 Dead 2,175551491
Terraria,146851002
Mount & Blade: Warband,135770023
Total War: SHOGUN 2,126663918
Fallout: New Vegas,122143296
Call of Duty®: Black Ops,99474833
Call of Duty®: Black Ops II,94232762
Arma 2: Operation Arrowhead,85206576
Warframe,81615291
Killing Floor,78213873
Arma 3,77284926
Total War™: ROME II - Emperor Edition,68876451
Napoleon: Total War™,65519706
Crusader Kings II,64774380
XCOM: Enemy Unknown,59894510
PAYDAY 2,58029340
Dungeon Defenders,54461710
DayZ,52124021
Rust,52075824
DARK SOULS™: Prepare To Die™ Edition,51570285
The Binding of Isaac,49427637
Left 4 Dead,47497263
Battlefield: Bad Company™ 2,46927824
EVE Online,44133606
PlanetSide 2,41264673
Borderlands,40108603
Path of Exile,39779516
Europa Universalis IV,39635741
Company of Heroes 2,38887586
RIFT,38502703
War Thunder,37970967
Star Trek Online,36441251
DARK SOULS™ II,36263628
Kerbal Space Program,35347094
Day of Defeat: Source,33855530
"Warhammer 40,000: Dawn of War II: Retribution",32670972
Infestation: Survivor Stories Classic,31887541
Medieval II: Total War™,31793844
Grand Theft Auto IV,28945685
Torchlight II,28618918
Starbound,27954339
Saints Row: The Third,27786705
Civilization IV: Beyond the Sword,27035188
Chivalry: Medieval Warfare,26189643
Counter-Strike: Condition Zero,25427745
Far Cry 3,24240751
APB Reloaded,23666879
FTL: Faster Than Light,23618070
Stronghold Kingdoms,22383765
Might & Magic: Heroes VI,21708978
The Sims™ 3,21392739
Portal 2,21118451
"Warhammer® 40,000™: Dawn of War® II",21015552
Mass Effect 2,20992124
Just Cause 2,20729758
Sins of a Solar Empire®: Rebellion,20210074
Dead Island: Game of the Year Edition,19957454
Marvel Heroes 2016,19629441
DC Universe™ Online,19427399
Red Orchestra 2: Heroes of Stalingrad with Rising Storm,19334510
Rome: Total War™ - Collection,19246272
Anno 2070™,19238621
Dragon Age: Origins,18849222
Supreme Commander 2,18683422
Awesomenauts,18490149
Plants vs. Zombies GOTY Edition,17984646
Natural Selection 2,17304204
Endless Space® - Emperor Edition,16899612
The Elder Scrolls IV: Oblivion® Game of the Year Edition,16286964
Space Engineers,16143419
Half-Life 2: Deathmatch,16046357
Europa Universalis III Complete,16035816
Tropico 4: Steam Special Edition,15377696
Age of Empires II HD,15373071
Dragon Age: Origins - Ultimate Edition,15294608
Spiral Knights,14909080
Don't Starve,14542641
Company of Heroes: Tales of Valor,14387185
Farming Simulator 2013 Titanium Edition,14265959
Assassin’s Creed® III,13966684
Defiance,13691018
Assassin’s Creed® IV Black Flag™,13687848
Train Simulator 2016,13659788
Call of Duty®: Ghosts,13379333
Mass Effect,12964288
Euro Truck Simulator 2,12923548
Hearts of Iron III,12860697
Mount & Blade: With Fire & Sword,12855478
Half-Life 2,12740504
Fallout 3: Game of the Year Edition,12666146
X3: Terran Conflict,12607974
X3: Albion Prelude,12223257
The Witcher 2: Assassins of Kings Enhanced Edition,11947214
Company of Heroes,11582110
FINAL FANTASY® XIV: A Realm Reborn™,11471029
Magic: The Gathering - Duels of the Planeswalkers 2013,11433706
F1 2012™,11304645
"Warhammer® 40,000: Dawn of War® II Chaos Rising",11282164
PAYDAY™ The Heist,11108677
Neverwinter,10931575
Dishonored,10775755
7 Days to Die,10373538
Men of War: Assault Squad,10186299
Divinity: Original Sin (Classic),10131626
BioShock Infinite,10009075
The Secret World,9883583
Mafia II,9681918
Realm of the Mad God,9670965
Magicka,9558829
Defense Grid: The Awakening,9462223
Ultra Street Fighter® IV,9407148
The Witcher: Enhanced Edition Director's Cut,9266917
Arma 2,9212777
Saints Row IV,9110564
Hitman: Absolution™,9024678
Victoria II,8989306
Kingdoms of Amalur: Reckoning™,8940308
Call of Duty® 4: Modern Warfare®,8923972
Age of Empires® III: Complete Collection,8914942
Titan Quest - Immortal Throne,8762551
Magic 2014 — Duels of the Planeswalkers,8726241
Call of Duty: World at War,8646487
Tomb Raider,8463658
Assassin's Creed 2 Deluxe Edition,8421043
Grand Theft Auto: Episodes from Liberty City,8154688
S.T.A.L.K.E.R.: Call of Pripyat,8114848
Torchlight,8047701
Orcs Must Die! 2,7857963
Sid Meier's Civilization® IV,7712952
Wargame: Airland Battle,7692802
Dungeons of Dredmor,7662368
Batman: Arkham City - Game of the Year Edition,7645848
"Warhammer 40,000: Space Marine",7462816
The Lord of the Rings Online,7414884
Jagged Alliance - Back in Action,7412553
Wargame: European Escalation,7392929
State of Decay,7327763
Tom Clancy's Ghost Recon Phantoms - NA,7325699
Unturned,7303900
SimCity™ 4 Deluxe Edition,7292484
Sleeping Dogs,7257509
STAR WARS™ - Knights of the Old Republic™,7183040
Magic: The Gathering - Duels of the Planeswalkers 2012,7150659
Champions Online,7017173
Prison Architect,7015885
Banished,7003440
Mount & Blade,6864048
Sid Meier's Civilization® III Complete,6842844
RAGE,6650286
Assassin’s Creed® Brotherhood,6582828
Company of Heroes: Opposing Fronts,6460688
Space Pirates and Zombies,6456913
Zombie Panic! Source,6421921
Grand Theft Auto: San Andreas,6408569
Watch_Dogs™,6397973
Robocraft,6396145
War of the Roses,6389430
Vindictus,6154336
Max Payne 3,6137090
Red Orchestra: Ostfront 41-45,6090742
Saints Row 2,5930566
AudioSurf,5924884
Sniper Elite V2,5738076
Test Drive Unlimited 2,5646607
L.A. Noire,5624156
FINAL FANTASY VII,5561732
Batman™: Arkham Origins,5558840
Blood Bowl: Chaos Edition,5540841
Shadowrun Returns,5523467
Resident Evil 6 / Biohazard 6,5500766
Bejeweled® 3,5452310
"Warhammer® 40,000: Dawn of War® - Soulstorm",5450006
Rogue Legacy,5444598
Supreme Commander: Forged Alliance,5386725
Sword of the Stars II: Enhanced Edition,5341592
Dead Island Riptide,5329407
Ace of Spades: Battle Builder,5294336
Blacklight: Retribution,5212503
STAR WARS™ Empire at War - Gold Pack,5099682
Assassin's Creed® Revelations,5064736
SPORE™,5029947
The Walking Dead,4991123
Metro 2033,4960619
Alien Swarm,4922324
Baldur's Gate: Enhanced Edition,4887937
Batman: Arkham Asylum Game of the Year Edition,4857801
Fallen Enchantress: Legendary Heroes,4842071
Day of Defeat,4818588
Marvel Puzzle Quest,4791136
Fallout 3,4700934
Source Filmmaker,4700206
STAR WARS™ Knights of the Old Republic™ II - The Sith Lords™,4668860
Towns,4652595
You Need a Budget 4,4652075
Aliens vs. Predator™,4602545
Firefall,4596239
"Warhammer® 40,000: Dawn of War® - Dark Crusade",4586973
NBA2K13,4550159
Risk of Rain,4474000
Arma II: DayZ Mod,4467057
Gnomoria,4439822
Super MNC,4435596
F1 2013,4396485
The Last Remnant™,4360651
Tom Clancy’s Splinter Cell Blacklist,4322094
S.T.A.L.K.E.R.: Shadow of Chernobyl,4292997
Warlock - Master of the Arcane,4259385
GRID 2,4254304
Eador: Masters of the Broken World,4236180
Age of Wonders III,4207702
RPG Maker VX Ace,4198750
The Elder Scrolls III: Morrowind® Game of the Year Edition,4190260
Heroes & Generals,4156339
Universe Sandbox,4136221
STAR WARS™ Battlefront™ II,4117027
Loadout,4087331
Wargame: Red Dragon,4065822
Guns of Icarus Online,4048599
Portal,4043585
Crysis 2 - Maximum Edition,4042843
Risen 2: Dark Waters,4021539
NBA 2K14,3972195
Mabinogi,3952863
Serious Sam 3: BFE,3909132
Battlefield 2: Complete Collection,3830506
King's Bounty: Warriors of the North,3805118
Castle Crashers®,3766982
Command & Conquer: Red Alert 3,3659532
Darkest Hour: Europe '44-'45,3645305
Darksiders™,3641163
SolForge,3623217
Galactic Civilizations® II: Ultimate Edition,3520846
RACE 07,3474856
Blood Bowl® Legendary Edition,3450619
Star Conflict,3435369
Deus Ex: Human Revolution - Director's Cut,3397627
Hero Academy,3306173
Super Meat Boy,3298446
Far Cry® 2: Fortune's Edition,3287174
Spelunky,3280832
BioShock™,3261524
Half-Life 2: Episode Two,3235134
Sword of the Stars: Complete Collection,3201596
Might & Magic X - Legacy,3174312
America's Army: Proving Grounds,3098457
Mortal Kombat Komplete Edition,3070993
GameMaker: Studio,3046788
Two Worlds II,3034208
LEGO® Marvel™ Super Heroes,3016374
Homefront,3013751
Legend of Grimrock,3012120
Half-Life,3009438
Recettear: An Item Shop's Tale,2995659
BioShock® 2,2983018
Men of War™,2976701
StarDrive,2971916
King's Bounty: The Legend,2962352
Might & Magic: Duel of Champions,2954465
Godus,2942911
Insurgency,2928348
Trials Evolution: Gold Edition,2915319
Rocksmith 2014,2905093
Vampire: The Masquerade - Bloodlines,2881094
Wolfenstein: The New Order,2851594
Fallen Earth Free2Play,2849493
RollerCoaster Tycoon® 3: Platinum,2838436
MapleStory,2828443
BRINK,2823622
South Park™: The Stick of Truth™,2794950
X Rebirth,2779160
Dead Space™ 2,2761427
Thief,2749328
Worms Reloaded,2744616
Sanctum 2,2690995
Red Faction Guerrilla Steam Edition,2658346
Nether: Resurrected,2629688
Stronghold HD,2599653
Lord of the Rings: War in the North,2587662
Synergy,2575853
S.T.A.L.K.E.R.: Clear Sky,2543007
Baldur's Gate II: Enhanced Edition,2540921
X-COM: UFO Defense,2532978
SPORE™ Galactic Adventures,2511773
Rocksmith™,2491853
Burnout Paradise: The Ultimate Box,2488855
Bastion,2485783
Unreal Tournament 3 Black,2477767
Alan Wake,2453200
FINAL FANTASY VIII,2449816
Prime World,2449528
The Incredible Adventures of Van Helsing,2444794
Game Dev Tycoon,2412449
HAWKEN,2408768
Duke Nukem Forever,2389351
Orcs Must Die!,2383083
Need For Speed: Hot Pursuit,2354966
Serious Sam HD: The Second Encounter - Demo,2354422
Prototype 2,2354325
INSURGENCY: Modern Infantry Combat,2341388
Ticket to Ride,2336738
Tropico 3: Absolute Power,2325780
Resident Evil™ 5/ Biohazard 5®,2314266
Farming Simulator 2011,2299063
No More Room in Hell,2295353
Tropico 5,2270722
Fallen Enchantress: Ultimate Edition,2238929
Command & Conquer 3: Tiberium Wars,2232593
"Pirates, Vikings, and Knights II",2231763
Tribes: Ascend,2193698
STAR WARS™ Jedi Knight - Jedi Academy™,2190103
Command & Conquer 3: Kane's Wrath,2190103
Risen,2190101
Dungeon Siege III,2188638
Dead Space,2186607
Sanctum,2178292
Far Cry 3 - Blood Dragon,2172752
F.E.A.R. 2: Project Origin,2169329
Mark of the Ninja,2152961
Sid Meier's Civilization IV: Colonization,2129989
Assassin's Creed™: Director's Cut Edition,2127236
Crysis,2122391
Deus Ex: Game of the Year Edition,2114761
Age of Chivalry,2074805
Trine 2: Complete Story,2072331
Cities in Motion,2059211
GRID™,2058178
Elsword,2056588
DmC: Devil May Cry,2056228
Civilization IV®: Warlords,2049350
Heroes of Might & Magic V,2048779
Trackmania United Forever Star Edition,2040392
Sins of a Solar Empire®: Trinity,2031758
Worms Revolution,2010974
Planetary Annihilation,2006544
Hitman: Blood Money,2006150
Ragnarok Online 2,1996157
Prototype™,1990959
Titan Quest,1986774
Just Cause 2: Multiplayer Mod,1973033
Amnesia: The Dark Descent,1971316
Tom Clancy's Rainbow Six® Vegas 2,1963827
Dead Rising® 2,1954682
King's Bounty: Crossworlds,1943921
Darkest Hour: A Hearts of Iron Game,1938781
Project Zomboid,1911933
King Arthur - The Role-playing Wargame,1904793
Psychonauts,1897870
Tom Clancy's Ghost Recon: Future Soldier™,1870150
Sniper: Ghost Warrior,1866279
America's Army 3,1854597
LEGO The Lord of the Rings,1853941
Altitude,1852004
Xenonauts,1850690
The Settlers 7: Paths to a Kingdom: Deluxe Gold Edition,1841243
Kenshi,1837109
E.Y.E: Divine Cybermancy,1824596
Fable - The Lost Chapters,1819370
Half-Life 2: Episode One,1810441
Warface,1803673
Monday Night Combat,1800461
Forsaken World,1777931
Cities in Motion 2,1768559
Sonic & All-Stars Racing Transformed,1755130
Scribblenauts Unlimited,1751540
Overlord II,1750572
ArcheAge,1749365
UnEpic,1748962
Command & Conquer: Red Alert 3 - Uprising,1746873
Dungeons & Dragons Online®,1726149
Resident Evil Revelations / Biohazard Revelations,1712159
NARUTO SHIPPUDEN: Ultimate Ninja STORM 3 Full Burst,1705283
Stronghold 3 Gold,1703448
Medal of Honor™,1701202
Unreal Tournament 2004: Editor's Choice Edition,1681673
Evil Genius,1679825
Hearts of Iron 2 Complete,1674920
Beat Hazard,1666884
Aliens: Colonial Marines,1664506
The Mighty Quest For Epic Loot,1656504
The Guild II Renaissance,1650233
Men of War: Assault Squad 2,1648604
Assetto Corsa,1630388
Plague Inc: Evolved,1618984
Mirror's Edge™,1617696
Bully: Scholarship Edition,1616411
SpaceChem,1607873
Spec Ops: The Line,1600971
Primal Carnage,1600654
Puzzle Quest 2,1593462
EverQuest® II Free-To-Play. Your Way.™,1592859
F.E.A.R. 3,1587427
AirMech®,1573685
Craft The World,1564606
Sonic Generations,1557626
Heroes of Might & Magic V: Tribes of the East,1551410
Omerta - City of Gangsters,1550987
Tropico 3 - Steam Special Edition,1549743
METAL GEAR RISING: REVENGEANCE,1542244
Space Rangers HD: A War Apart,1535957
Dungeon Defenders Eternity,1516819
Age of Mythology: Extended Edition,1501617
Wings of Prey,1494532
The Elder Scrolls® Online: Tamriel Unlimited™,1487918
Dark Messiah of Might & Magic,1484435
Port Royale 3,1470521
Making History II: The War of the World,1467700
Dust: An Elysian Tail,1459671
ORION: Prelude,1458031
DYNASTY WARRIORS 8: Xtreme Legends Complete Edition,1453070
LEGO® Batman 2 DC Super Heroes™,1452285
Aura Kingdom,1444225
King's Bounty: Armored Princess,1428477
Dawn of Discovery™: Venice,1425001
Gratuitous Space Battles,1423338
Poker Night 2,1420623
Alpha Protocol™,1418813
Iron Front: Digital War Edition,1409075
Defender's Quest: Valley of the Forgotten,1405312
Dragon Nest,1395939
IL-2 Sturmovik: Cliffs of Dover,1391358
Silent Hunter 5®: Battle of the Atlantic,1380019
Sword of the Stars: The Pit,1377730
F1 2011,1374950
Grand Theft Auto: Vice City,1373835
Sid Meier's Pirates!,1370254
Might & Magic: Clash of Heroes,1358500
Skullgirls,1358021
Brutal Legend,1357922
Sniper Elite 3,1340195
Frozen Synapse,1335243
Agarest: Generations of War,1322582
Magic 2015 - Duels of the Planeswalkers,1311085
Blackguards,1310811
The Bureau: XCOM Declassified,1309627
GunZ 2: The Second Duel,1307536
A.V.A - Alliance of Valiant Arms,1307104
Red Faction®: Armageddon™,1303354
Kingdom Wars,1302564
X3: Reunion,1292223
Tower Wars,1281527
Monaco: What's Yours Is Mine,1280164
Reus,1279777
Castlevania: Lords of Shadow – Ultimate Edition,1273957
Overlord™,1272732
Nuclear Dawn,1259118
Sid Meier's Railroads!,1256978
Transformers™: Fall of Cybertron™,1247814
SPINTIRES™,1245462
AI War: Fleet Command,1240770
Alice: Madness Returns,1239481
World In Conflict: Soviet Assault,1234483
Fallout 2: A Post Nuclear Role Playing Game,1231157
Call of Juarez® Gunslinger,1226189
F1 2010™,1212331
Team Fortress Classic,1212329
STAR WARS™ - The Force Unleashed™ Ultimate Sith Edition,1210298
Hotline Miami,1209745
Wasteland 2: Director's Cut,1205264
Planet Explorers,1204902
Sniper: Ghost Warrior 2,1187486
Cities XL Platinum,1166944
Nosgoth,1160047
Faerie Solitaire,1159604
Half-Life: Opposing Force,1153575
Driver San Francisco,1152261
TrackMania² Stadium,1145075
Grim Dawn,1145025
Sea Dogs: To Each His Own,1129691
Trine Enchanted Edition,1128543
Age of Conan: Unchained,1123016
PuzzleQuest: Challenge of the Warlords,1120907
The Forest,1116755
Peggle Deluxe,1116681
SpellForce - Platinum Edition,1108061
IL-2 Sturmovik: 1946,1099511
Sol Survivor,1096495
Goat Simulator,1093111
Prime World: Defenders,1090324
Street Fighter® IV,1089227
Contagion,1075579
From Dust,1074590
The Walking Dead: Season 2,1071119
Half-Life: Source,1070300
"Papers, Please",1064301
Rayman® Legends,1063993
Poker Night at the Inventory,1058795
Divinity II: Developer's Cut,1051945
Call of Duty® 2,1051855
MX vs. ATV Reflex,1050616
LEGO® Star Wars™ III - The Clone Wars™,1049634
The Wolf Among Us,1048418
Supreme Ruler: Cold War,1045611
Infinity Wars: Animated Trading Card Game,1036225
BattleBlock Theater®,1035702
Shadow Warrior,1035423
The Darkness II,1034729
Gotham City Impostors Free to Play,1014670
Sacred 2 Gold,1010968
F.E.A.R.,1005409
Everquest ®,994227
The Banner Saga,993240
Dino D-Day,990821
Blockland,985749
Sniper Elite: Nazi Zombie Army,984311
Zuma's Revenge!,981137
King Arthur's Gold,978681
Supreme Commander,977688
Nation Red,975702
"Warhammer® 40,000: Dawn of War® - Game of the Year Edition",965166
Pro Cycling Manager 2013,958372
Doom 3: BFG Edition,956475
X-COM: Apocalypse,956339
Majesty 2,952854
GRID Autosport,950996
Transformers™: War for Cybertron™,941742
Overlord™: Raising Hell,934511
Railroad Tycoon 3,931063
Cave Story+,926182
ShootMania Storm,925816
Disciples III - Renaissance Steam Special Edition,924106
Pixel Piracy,914439
Game of Thrones,914084
Injustice: Gods Among Us Ultimate Edition,913969
TrackMania² Canyon,912691
Stronghold Crusader HD,912439
Gothic® 3,903765
The Ship: Murder Party,898402
Serious Sam HD: The First Encounter,889400
POSTAL 2,887623
Shift 2 Unleashed,886820
theHunter,883564
A Game of Dwarves,883135
Desktop Dungeons,883090
Super Hexagon,879592
Need for Speed Undercover,872182
Street Fighter X Tekken,865109
Surgeon Simulator 2013,863164
LEGO® Star Wars™ - The Complete Saga,861577
Star Ruler,860042
Majesty 2 Collection,856760
Sonic Adventure 2,852723
Section 8®: Prejudice™,845838
How to Survive,842077
Magicka: Wizard Wars,839334
Tom Clancy's Splinter Cell Chaos Theory®,834132
Hammerwatch,831615
ArcaniA,829910
Pro Cycling Manager 2012,829081
Kingdom Rush,823811
Soldier Front 2,822429
Bulletstorm™,821624
Ys Origin,815908
World of Goo,814277
Bloodline Champions,813261
Rise of Nations: Extended Edition,801350
Rayman® Origins,800741
Arsenal of Democracy: A Hearts of Iron Game,787459
Carrier Command: Gaea Mission,785770
Battlestations Pacific,784936
FlatOut: Ultimate Carnage,779037
Remember Me,771451
Railroad Tycoon II Platinum,769928
Supreme Ruler 2020 Gold,765774
Silent Hunter® III,765726
Cradle of Persia,765199
CrimeCraft: GangWars,763363
Far Cry®,762600
Divinity: Dragon Commander,756027
Grand Ages: Rome,755047
Tales of Maj'Eyal,746659
Thief: Deadly Shadows,746587
Peggle™ Nights,741058
The Showdown Effect,738127
Tropico Reloaded,737946
Ship Simulator Extremes,731622
SpellForce 2: Gold Edition,730499
Gothic II: Gold Edition,729721
Fieldrunners 2,723799
StarForge,722173
Devil May Cry 4,720840
X-COM: Terror From the Deep,720808
DiRT Showdown,719045
Fallout: A Post Nuclear Role Playing Game,717322
Risen 3 - Titan Lords,716707
LEGO Batman,714784
Operation Flashpoint: Dragon Rising,714352
Triple Town,703577
The Stanley Parable,701281
Costume Quest,700051
Braid,694998
Space Empires V,694273
System Shock 2,690454
The Sims Medieval,687488
Blade Symphony,682510
resident evil 4 / biohazard 4,677014
Landmark,677004
Continent of the Ninth Seal,676671
Outlast,673844
LIMBO,672329
THE KING OF FIGHTERS XIII STEAM EDITION,671920
DUNGEONS - Steam Special Edition,671675
Knights of Pen and Paper +1 Edition,667621
Jagged Alliance: Crossfire,665575
Distant Worlds: Universe,664276
ArcheBlade™,663247
Jade Empire™: Special Edition,660345
Avernum: Escape From the Pit,659447
Divine Divinity,659062
Mercenary Kings,658130
Command & Conquer 4: Tiberian Twilight,656466
Magicite,655001
Shoot Many Robots,654673
Age of Wonders Shadow Magic,648202
Max Payne,644697
Castle Story,642940
Toy Soldiers,642891
STAR WARS™ Republic Commando™,642085
Atom Zombie Smasher,639010
Sniper Elite,638689
Antichamber,636193
Lara Croft and the Guardian of Light,634088
Warlock 2: The Exiled,633514
Need for Speed: Shift,632956
Dominions 4: Thrones of Ascension,632892
Pinball FX2,624299
Dead Rising 2: Off the Record,620723
Crysis Warhead®,619599
Patrician IV: Rise of a Dynasty,611326
Deadpool,611132
STAR WARS™ Jedi Knight II - Jedi Outcast™,610991
LEGO Harry Potter: Years 1-4,610581
SpeedRunners,610018
FEZ,607460
Expeditions: Conquistador,607121
Creeper World 3: Arc Eternal,605008
Patrician IV - Steam Special Edition,604921
Evochron Mercenary,601618
Jagged Alliance 2 Gold,597078
DOOM 3,592088
Cortex Command,589910
Avadon: The Black Fortress,588476
King Arthur II: The Role-Playing Wargame,587226
Toribash,585448
Fistful of Frags,584621
Lead and Gold: Gangs of the Wild West,580546
Mars: War Logs,571774
Guacamelee! Gold Edition,567114
Call of Juarez®: Bound in Blood,566688
Transistor,566261
Dungeon Siege II,562049
Little Inferno,560931
STAR WARS™ - The Force Unleashed™ II,559902
The Amazing Spider-Man™,559037
Tactical Intervention,551966
Lost Planet® 2,547336
Order of War™,545805
SPORE™ Creepy & Cute Parts Pack,544091
Cossacks: Back to War,543413
Tomb Raider: Anniversary,542951
DEFCON,540435
Talisman: Digital Edition,531405
Fallout Tactics: Brotherhood of Steel,531051
UFO: Extraterrestrials Gold,530656
La-Mulana,530496
Democracy 3,530131
King’s Bounty: Legions,525858
Rome: Total War™ - Alexander,525807
Demigod,523863
Men of War: Red Tide,523761
Empires Mod,521465
War of the Vikings,515999
"Warhammer® 40,000: Dawn Of War® – Winter Assault",515599
Dustforce DX,514401
RaceRoom Racing Experience,513832
Child of Light,512704
Quantum Conundrum,511493
FlatOut 2™,510240
Galaxy on Fire 2™ Full HD,509062
Grand Theft Auto III,507721
Hard Reset Extended Edition,507613
Two Worlds Epic Edition,507566
Stellar Impact,504574
Deponia,502407
Unity of Command: Stalingrad Campaign,501336
The LEGO® Movie - Videogame,496234
Medal of Honor: Airborne,494879
Patrician III,493380
Port Royale 2,493340
March of the Eagles,492579
City of Steam: Arkadia,492007
Binary Domain,491271
Royal Quest,488914
Organ Trail: Director's Cut,487845
Pride of Nations,485357
Castlevania: Lords of Shadow 2,485169
Max Payne 2: The Fall of Max Payne,484107
Supreme Ruler 1936,483046
LEGO Harry Potter: Years 5-7,479649
Solar 2,479428
Ace Combat Assault Horizon - Enhanced Edition,476723
One Finger Death Punch,473900
Dystopia,472964
Impire,471818
Ragnarok Online,471151
The Secret of Monkey Island: Special Edition,470499
Panzar,469142
Revenge of the Titans,469037
Dungeon Siege,466003
Krater,463203
BIT.TRIP RUNNER,461960
BIT.TRIP Presents... Runner2: Future Legend of Rhythm Alien,461640
God Mode,461376
NEO Scavenger,456000
Knights of Honor,455032
Thief™ Gold,454534
Operation Flashpoint: Red River,448636
World of Guns: Gun Disassembly,448069
Disciples III: Reincarnation,444685
Dawn of Discovery™,443010
King's Bounty: Dark Side,442741
Uplink,439412
Verdun,437836
Drakensang,435536
X2: The Threat,434679
Hero Siege,434523
Silent Hunter®: Wolves of the Pacific,434452
Worms Armageddon,432938
Kane & Lynch 2: Dog Days,430204
Half-Life: Blue Shift,429190
War of the Immortals,427804
Broforce,427271
Puzzle Pirates,425730
Thief™ II: The Metal Age,423889
The Guild II,423293
Strike Suit Zero,422775
Deadlight,422245
The Incredible Adventures of Van Helsing II,420415
Anomaly: Warzone Earth,419235
Machinarium,419104
"10,000,000",419062
Sacred Gold,418810
CastleStorm,416836
Dungeonland,414999
Tomb Raider: Underworld,414189
"Cook, Serve, Delicious!",413852
The Testament of Sherlock Holmes,411848
Trainz™ Simulator 12,411561
Shovel Knight,410355
Men of War: Vietnam,407599
articy:draft SE,407143
"Hack, Slash, Loot",406911
MicroVolts Surge,406339
Painkiller Hell & Damnation,405728
Endless Legend™,397868
Shank 2,397755
Nuclear Throne,394432
Panzer Corps,394084
Before the Echo,393361
Europa Universalis: Rome - Gold Edition,392898
Sniper Elite: Nazi Zombie Army 2,392766
Cthulhu Saves the World,392572
Painkiller: Black Edition,391038
Space Hulk,390679
Call of Juarez®: The Cartel,389775
Earth Defense Force: Insect Armageddon,388849
Making History: The Calm & the Storm,387749
Chime,385732
Unreal Tournament: Game of the Year Edition,383402
Stacking,378631
Call of Duty: Black Ops - Mac Edition,378002
LOST PLANET® 3,377266
Ghostbusters: The Videogame,376990
Horizon,375971
Gunpoint,375539
Spectromancer,375413
Fate of the World,373861
Singularity™,373561
LEGO® Indiana Jones™ 2: The Adventure Continues,372723
I Am Alive,370178
Disciples II: Gallean's Return,369692
Spacebase DF-9,361839
Worms Ultimate Mayhem,361472
Tabletop Simulator,359965
Ys: The Oath in Felghana,356009
Dwarfs!?,355916
Front Mission Evolved,355206
Valdis Story: Abyssal City,354450
Resident Evil: Operation Raccoon City,353648
Cry of Fear,352189
The Legend of Heroes: Trails in the Sky,351510
Monkey Island™ 2 Special Edition: LeChuck’s Revenge™,350476
The Guild II - Pirates of the European Seas,347564
Toki Tori,347019
Penny Arcade's On the Rain-Slick Precipice of Darkness 3,346766
Rise of Venice,346686
War Inc. Battlezone,345819
Edge of Space,344182
Frontlines™: Fuel of War™,342439
Commander: Conquest of the Americas,341308
FINAL FANTASY® XI: Ultimate Collection Seekers Edition,340450
The Cave,338701
Trials Fusion™,337702
Aquaria,336253
Bound By Flame,333418
Alan Wake's American Nightmare,332051
Wanderlust: Rebirth,331055
Leviathan: Warships,330006
Return to Castle Wolfenstein,328634
Chaos on Deponia,327854
Viking: Battle for Asgard,326103
LEGO® The Hobbit™,324989
Zuma Deluxe,324741
Bloody Good Time,324236
Project CARS,321045
Trials 2: Second Edition,319806
FORCED: Slightly Better Edition,319700
VVVVVV,318630
They Bleed Pixels,316139
Giana Sisters: Twisted Dreams,313938
A Valley Without Wind,312757
Osmos,312315
Everyday Genius: SquareLogic,311546
Sang-Froid - Tales of Werewolves,311293
Prince of Persia: The Forgotten Sands™,310249
Blocks That Matter,310133
Men of War: Condemned Heroes,308726
Bookworm Deluxe,308472
Conquest of Elysium 3,308158
Serious Sam 2,306605
Call of Duty®,305406
Sonic Adventure DX,303579
CivCity: Rome,302353
Puzzle Kingdoms,301980
Children of the Nile: Enhanced Edition,300713
Guncraft,299951
The Basement Collection,299524
Long Live The Queen,298201
Tony Hawk’s Pro Skater® HD,294895
Ascend: Hand of Kul,294503
Darkstar One,292988
Tom Clancy's Rainbow Six® 3 Gold,292717
Darkfall Unholy Wars,291844
Tomb Raider: Legend,291295
Valiant Hearts: The Great War™ / Soldats Inconnus : Mémoires de la Grande Guerre™,289316
Renegade Ops,289090
Silent Storm Gold Edition,288790
Mini Ninjas,287419
Pro Cycling Manager 2014,287153
Jamestown,286629
Crypt of the NecroDancer,286270
Dungeon of the Endless™,284088
Imperium Romanum Gold Edition,283418
Hegemony Gold: Wars of Ancient Greece,283374
The Longest Journey,283177
McPixel,282989
The Settlers®: Rise Of An Empire Gold Edition,281006
Retro City Rampage™ DX,280194
Star Wolves 3: Civil War,280037
Just Cause,279670
Vessel,279136
Tales of Monkey Island Complete Pack,278734
Space Run,278210
OMSI 2: Steam Edition,276684
Age of Wonders,276309
Worms Clan Wars,276122
Take On Helicopters,275067
Nexus - The Jupiter Incident,274123
MotoGP™13,273767
A Game of Thrones - Genesis,273717
Of Orcs And Men,271577
Madballs in Babo:Invasion,271455
Rise of the Triad,271053
Rock of Ages,270933
Post Apocalyptic Mayhem,269781
Dead Rising 3 Apocalypse Edition,269627
Delve Deeper,269578
The Red Solstice,269538
Airline Tycoon 2,268808
Happy Wars,268498
Kinetic Void,267925
One Way Heroics,267579
Epic Battle Fantasy 4,267356
Battle Islands,267336
Tom Clancy's Splinter Cell®,266686
Grotesque Tactics: Evil Heroes,266615
Octodad: Dadliest Catch,266075
Half-Life Deathmatch: Source,265668
Assassin’s Creed® Liberation HD,264529
Pool Nation,263417
SpellForce 2: Faith in Destiny,262483
Evoland,261997
Hitman 2: Silent Assassin,260667
Starpoint Gemini 2,258992
DCS World,258319
Lost Planet™: Extreme Condition,257630
Half-Life 2: Lost Coast,257195
Half Minute Hero: Super Mega Neo Climax Ultimate Boy,257053
Mountain,256634
Brothers - A Tale of Two Sons,256263
Legend of Dungeon,254846
Zeno Clash,254800
Beyond Good and Evil™,254751
FINAL FANTASY III,254607
Tom Clancy's Splinter Cell Double Agent®,252123
Aliens versus Predator Classic 2000,251774
Penumbra Overture,247833
HOARD,247615
To the Moon,247601
Amnesia: A Machine for Pigs,246716
The Swapper,246522
Disciples III - Resurrection,246192
Ys I & II Chronicles+,245642
Drakensang: The River of Time,245121
Indie Game: The Movie,244937
Fortune Summoners,244788
Heroes of Might & Magic V: Hammers of Fate,244721
DeathSpank,244716
Iron Brigade,243552
Space Empires IV Deluxe,243192
Swords and Soldiers HD,241444
Disciples II: Rise of the Elves,239943
Damned,239164
Age of Wonders II: The Wizard's Throne,238840
Cogs,238431
Super House of Dead Ninjas,236417
Bejeweled Deluxe,235553
Unreal Gold,235311
Free to Play,234800
Symphony,234567
The Ball,234483
Brothers in Arms: Hell's Highway™,233997
QUAKE,233321
Hammerfight,233201
Wizardry 8,232883
Viscera Cleanup Detail,231807
Turbo Dismount™,230967
Shank,230005
Hunted: The Demon’s Forge™,229639
Thomas Was Alone,229091
Greed Corp,228599
RISK™: Factions,228415
Gothic 1,227760
Demonicon,227700
ARMA: Cold War Assault,226428
Oddworld: Abe's Oddysee®,226052
"Precipice of Darkness, Episode One",224376
Darwinia,223471
Hinterland,222631
Audiosurf 2,221128
Jewel Quest Pack,220723
ARMA: Combat Operations,220652
Infested Planet,219962
EVGA PrecisionX 16,219208
Sam & Max: The Devil’s Playhouse,219111
Perpetuum,219074
Shadowgrounds,216835
QUAKE II,216495
Back to the Future: The Game,214452
Super Sanctum TD,212957
Dungeons and Dragons: Daggerdale,212078
Earth 2160,210274
TrackMania² Valley,209284
Art Rage 4,209144
DuckTales: Remastered,209110
"Sir, You Are Being Hunted",209089
SteamWorld Dig,208658
The Haunted: Hells Reach,206697
Penny Arcade's On the Rain-Slick Precipice of Darkness 4,206483
Prince of Persia®,206168
Lucius,206095
The Dark Eye: Chains of Satinav,205458
Scribblenauts Unmasked: A DC Comics Adventure,204208
Zombie Driver HD,204122
Armada 2526 Gold Edition,203911
Prince of Persia®: The Sands of Time,202570
Villagers and Heroes,202295
SUNLESS SEA,202016
Naval War: Arctic Circle,201971
Fieldrunners,201677
Next Car Game: Wreckfest,201639
Blades of Time,200855
Multiwinia,199933
Runespell: Overture,199885
Jet Set Radio,199477
Freedom Force,199171
Gyromancer,199123
Take On Mars,198823
Rochard,197908
MorphVOX Pro - Voice Changer,197806
Silent Hunter®: Wolves of the Pacific U-Boat Missions,197438
The Bard's Tale,197388
Goodbye Deponia,197004
Penumbra: Black Plague Gold Edition,196715
Anodyne,196528
Ghost Master®,195840
The Book of Unwritten Tales,195695
Puzzle Quest: Galactrix,195201
Call of Cthulhu®: Dark Corners of the Earth,193417
La Tale,193383
Car Mechanic Simulator 2014,192861
Broken Age,192317
Teenage Mutant Ninja Turtles™: Out of the Shadows,191872
Guardians of Middle-earth,190999
Shatter,190468
Red Faction,189866
FlatOut,189606
Commandos 2: Men of Courage,188902
RUSH,188697
Kung Fu Strike - The Warrior's Rise,188637
iBomber Defense,188578
Darkout,187946
Stealth Bastard Deluxe,187309
Cossacks II: Battle for Europe,187171
Divekick,186500
Overgrowth,186427
Pacific Storm Allies,186040
Shadow Warrior Classic Redux,185812
7 Wonders: Ancient Alien Makeover,185559
Zeno Clash 2,184671
Moonbase Alpha,184162
UnderRail,184067
Quake IV,183376
Iron Grip: Warlord,183242
LUFTRAUSERS,183168
Euro Truck Simulator,183086
Sacred Citadel,182124
World In Conflict,181366
18 Wheels of Steel: American Long Haul,181170
Pinball Arcade,180485
FATE,180383
Unholy Heights,179209
Theatre of War 2: Africa 1943,179170
BIT.TRIP BEAT,179051
Murdered: Soul Suspect,178766
Tom Clancy's EndWar™,178725
The Last Federation,177346
Dead Pixels,176801
Oddworld: Abe's Exoddus®,176570
Sengoku,176061
Air Conflicts: Pacific Carriers,175152
The Banner Saga: Factions,175071
100% Orange Juice,174679
Magical Diary: Horse Hall,174233
DLC Quest,174172
X: Beyond the Frontier,174148
iBomber Defense Pacific,174132
Cargo Commander,174078
Broken Sword: Director's Cut,173881
Volgarr the Viking,173738
Deadly Premonition: The Director's Cut,172816
Alien Shooter 2: Reloaded,172607
Anna - Extended Edition,172351
AirBuccaneers,172105
Devil May Cry® 3 Special Edition,171960
LEGO® Indiana Jones™: The Original Adventures,170695
STAR WARS™ Jedi Knight - Dark Forces II,170384
Small World 2,170238
Eternal Silence,169717
"Precipice of Darkness, Episode Two",169677
Receiver,169437
Crayon Physics Deluxe,168594
Lunar Flight,167146
Avernum 4,166836
Teleglitch: Die More Edition,166547
Harvest: Massive Encounter,166095
Secret of the Magic Crystals,166007
Atlantica Online,165090
Oddworld: Stranger's Wrath HD,165082
A.R.E.S.: Extinction Agenda,164811
Eschalon: Book II,164241
Geneforge 1,164199
PixelJunk™ Monsters Ultimate,163597
3DMark,163552
Puzzler World 2,163380
Sonic & SEGA All-Stars Racing,161632
Angry Birds Space,161417
Velvet Assassin,160371
Legends of Eisenwald,159276
Death Rally,158453
Puzzler World,158387
Nidhogg,158029
STAR WARS™ - Dark Forces,157252
Dear Esther,156761
LUXOR: Mah Jong,156654
Syberia,156523
Arma 2: Private Military Company,156468
7 Grand Steps: What Ancients Begat,156376
DARK,156361
Ridge Racer™ Unbounded,156157
Edna & Harvey: Harvey's New Eyes,155905
Ultimate Doom,155343
RUNNING WITH RIFLES,153897
Call of Duty: United Offensive,153811
Miasmata,153691
Fortix 2,152822
WRC 4 FIA World Rally Championship,152610
Defence Alliance 2,152557
Prince of Persia: Warrior Within™,152533
Skulls of the Shogun,152487
Alien Breed: Impact,152380
Galcon Fusion,151779
Sid Meier’s Ace Patrol,151696
Takedown: Red Sabre,151692
Offspring Fling!,151198
Majesty Gold HD,150985
Superbrothers: Sword & Sworcery EP,150698
Lichdom: Battlemage,150028
A Virus Named TOM,149982
Theatre of War 2: Kursk 1943,149924
Eschalon: Book I,149867
Pandora: First Contact,149092
Quake III Arena,149061
Cubemen,148917
Electronic Super Joy,147746
Hell Yeah! Wrath of the Dead Rabbit,147386
Anomaly 2,147225
The Typing of The Dead: Overkill,146561
ENSLAVED™: Odyssey to the West™ Premium Edition,146472
Botanicula,146437
Avadon 2: The Corruption,145724
Drox Operative,145591
Bejeweled Twist,145367
The Bridge,144611
The Amazing Spider-Man 2™,144463
A New Beginning - Final Cut,144236
Shadowgrounds Survivor,144020
Breach & Clear,143608
Bejeweled 2 Deluxe,143187
Race The Sun,142696
Bridge Project,142058
Deus Ex: The Fall,141247
LYNE,141147
AaAaAA!!! - A Reckless Disregard for Gravity,140974
Frontline Tactics,140882
Strike Suit Infinity,140852
UFO: Afterlight,140107
Serious Sam Classic: The First Encounter,140061
4 Elements,139608
Flight Control HD,139052
The Castle Doctrine,138168
Intrusion 2,138003
Lords of Football,137816
METAL SLUG 3,137678
Max and the Magic Marker,137542
Tiny and Big: Grandpa's Leftovers,136939
Starpoint Gemini,136725
Viscera Cleanup Detail: Santa's Rampage,135722
Children of the Nile: Alexandria,135706
Jurassic Park: The Game,135672
Bionic Dues,135079
Our Darker Purpose,134899
Jagged Alliance 2 - Wildfire,134611
The Kings' Crusade,134027
R.A.W. Realms of Ancient War,133929
Train Fever,133276
Bridge Constructor,133116
Sid Meier’s Ace Patrol: Pacific Skies,132901
Inquisitor,132513
Metro 2033 Redux,132362
Grotesque Tactics 2 – Dungeons and Donuts,132270
Bookworm™ Adventures Volume 2,132081
The Wonderful End of the World,131783
Agarest: Generations of War Zero,131179
Capsized,130952
Steel Storm: Burning Retribution,130702
The Night of the Rabbit,130597
Gothic 3: Forsaken Gods Enhanced Edition,129815
Postal III,129469
STRIDER™ / ????????®,129155
Serious Sam Classic: The Second Encounter,129114
Tower of Guns,128599
WazHack,128434
Insanely Twisted Shadow Planet,128373
Hitman: Codename 47,128317
Demolition Company Gold Edition,128215
PlayClaw - Game Recording and Streaming,128146
Agricultural Simulator 2013 - Steam Edition,127904
Dragons and Titans,127873
Broken Sword 5 - the Serpent's Curse,127682
Bookworm Adventures Deluxe,126904
Wizorb,126871
SuperPower 2 Steam Edition,126640
Alien Breed 2: Assault,126620
Breath of Death VII,126338
Trapped Dead,126167
Construct 2,126108
Killer is Dead - Nightmare Edition,125855
Angry Video Game Nerd Adventures,125182
Mahjong Towers Eternity,124510
Puzzle Agent,124236
DeathSpank: Thongs of Virtue,124069
Analogue: A Hate Story,123398
Always Sometimes Monsters,123383
DOOM II,123193
Luxor: 5th Passage,122646
Sonic the Hedgehog 4 - Episode I,122348
New Star Soccer 5,122203
Din's Curse,122134
Hydrophobia: Prophecy,122013
TowerFall Ascension,121917
Brothers in Arms: Road to Hill 30™,121781
Paranautical Activity: Deluxe Atonement Edition,121616
Shattered Union,121365
Restaurant Empire II,120941
Gone Home,120710
Oil Rush,120528
Geometry Wars: Retro Evolved,120163
Strike Vector,120061
Galactic Civilizations III,119958
Door Kickers,119910
Really Big Sky,119432
1... 2... 3... KICK IT! (Drop That Beat Like an Ugly Baby),119401
Monopoly,118884
Elven Legacy,118880
Dreamfall: The Longest Journey,118816
Fortix,118687
Titan Attacks!,118168
Dungeons - The Dark Lord,117850
Master Reboot,117742
Zero Gear,117019
NEStalgia,116671
Bleed,116395
Commandos: Behind Enemy Lines,116242
Aarklash: Legacy,115613
Professional Farmer 2014,115548
Arma 2: British Armed Forces,115280
Pirates of Black Cove,115242
Gemini Rue,115176
Theatre of War 3: Korea,114460
Don Bradman Cricket 14,114452
Hegemony Rome: The Rise of Caesar,114375
Battle Worlds: Kronos,114312
And Yet It Moves,113877
SkyDrift,113607
American Conquest: Fight Back,112806
Zombie Shooter 2,112333
Heroes of Annihilated Empires,112061
Dogs of War Online,111690
Avencast: Rise of the Mage,111601
Betrayer,111544
Guns and Robots,111478
Prince of Persia: The Two Thrones™,110955
Fantasy Wars,110465
Bad Rats: the Rats' Revenge,110346
Governor of Poker 2 - Premium Edition,109950
Tomb Raider II,109501
Chantelise - A Tale of Two Sisters,109378
Ironclad Tactics,109254
Joe Danger 2: The Movie,109116
Galactic Civilizations® I: Ultimate Edition,109038
Rig n Roll,109034
Waking Mars,108836
ROSE Online,108678
Paper Sorcerer,108518
Darkest of Days,108421
DOOM 3 Resurrection of Evil,108338
Eador: Genesis,108064
Rise of Flight United,107016
Avernum 6,106987
American Conquest,106984
The Escapists,106684
Mosaico,106484
Sacred 3,106427
Nimbus,106157
Cubic Castles,106106
CastleMiner Z,105761
Arx Fatalis,105296
Toki Tori 2+,105053
Great Big War Game,104879
Full Mojo Rampage,104794
Resonance,104488
Kane and Lynch: Dead Men™,103876
Gun Monkeys,103821
Knights and Merchants,103373
Tidalis,103273
Super Crate Box,103262
Rush Bros.,102896
Abyss Odyssey,102440
Windforge,102395
Primordia,102026
Depths of Peril,101813
Lone Survivor: The Director's Cut,101765
Test Drive: Ferrari Racing Legends,101711
Dwarfs - F2P,101639
Still Life,101492
Cabela's® Big Game Hunter® Pro Hunts,101429
Skyward Collapse,101352
Hacker Evolution,101088
Indiana Jones® and the Fate of Atlantis™,101051
ARMA: Gold Edition,100904
Zafehouse: Diaries,100725
Miner Wars 2081,100394
AstroPop Deluxe,100279
Blade Kitten,99575
Ittle Dew,99361
M.U.D. TV,99253
PixelJunk™ Eden,99119
Blacklight: Tango Down,98988
The Raven - Legacy of a Master Thief,98006
Startopia,97380
STAR WARS™ The Clone Wars™ - Republic Heroes™,97187
Fairy Bloom Freesia,96507
Silent Hill Homecoming,96354
The Crew™,96198
Chaser,96152
The First Templar - Steam Special Edition,96084
Crimsonland,96011
Minimum,95944
Soldiers: Heroes of World War II,95915
The Baconing,95883
Tomb Raider I,95573
D.I.P.R.I.P. Warm Up,95193
NecroVision,95023
Ring Runner: Flight of the Sages,94744
CameraBag 2,94709
The Cat Lady,94427
Plain Sight,94145
Kohan II: Kings of War,93629
Star Wolves,93460
Puddle,93386
Dark Sector,93335
Space Siege,93280
Survivor Squad,93060
Action! - Gameplay Recording and Streaming,92976
Last Dream,92829
Gemini Wars,92710
Papo & Yo,92619
Folk Tale,92459
"Time Gentlemen, Please! and Ben There, Dan That! Special Edition  Double Pack",92433
Dungeons & Dragons: Chronicles of Mystara,91973
Freedom Force vs. the Third Reich,91954
The Expendabros,91917
Dead State: Reanimated,91856
Call of Juarez™,91720
The Dig®,91591
DogFighter,91300
EDGE,90797
The Tiny Bang Story,90794
Fable Anniversary,90334
Jets'n'Guns Gold,90167
Alien Rage - Unlimited,89791
Gas Guzzlers Extreme,89633
Tom Clancy's Ghost Recon®,89098
eXceed 3rd - Jade Penetrate Black Package,88877
Go Home Dinosaurs!,88648
Typer Shark! Deluxe,88595
Cargo! The Quest for Gravity,88058
Monster Loves You!,87952
Mini Motor Racing EVO,87952
Rogue's Tale,87852
"Invisible, Inc.",87666
SiN Episodes: Emergence,87623
Dynomite Deluxe,87589
Lucid,87445
The Golf Club,87256
Waves,86547
NARUTO SHIPPUDEN: Ultimate Ninja STORM Revolution,86382
3079 -- Block Action RPG,86271
Chuzzle Deluxe,86054
Mayhem Intergalactic,86049
Crusader Kings Complete,85885
Zombie Bowl-o-Rama,85707
Halo: Spartan Assault,85554
ItzaBitza,85325
Demolition Inc.,85270
Dungeon Hearts,85269
Smashball,85265
Patterns,85164
RollerCoaster Tycoon®: Deluxe,85141
Interstellar Marines,85060
Cherry Tree High Comedy Club,84907
Cannon Brawl,84804
Strong Bad's Cool Game for Attractive People: Season 1,84621
Ricochet,84595
Go! Go! Nippon! ~My First Trip to Japan~,84512
Numen: Contest of Heroes,83772
Deus Ex: Invisible War,83665
Air Conflicts: Secret Wars,83256
Guardians of Graxia,82638
Mount Your Friends,82626
NightSky,82595
Pid,82438
Memoria,82224
Winter Voices,82083
Serious Sam Double D XXL,81853
Eets Munchies,81445
NEOTOKYO,81159
Theatre of War,81093
Hospital Tycoon,80954
Beatbuddy: Tale of the Guardians,80444
Gear Up,80236
MacGuffin's Curse,80041
Deadfall Adventures,79994
Insaniquarium Deluxe,79836
Cubemen 2,79359
Putt-Putt® and Pep's Balloon-o-Rama,79099
Shufflepuck Cantina Deluxe,79056
The Ship: Single Player,78800
A Wizard's Lizard,78687
Weird Worlds: Return to Infinite Space,78581
"Runaway, A Road Adventure",78462
Sacrifice,78343
Nexuiz,78333
The Age of Decadence,78332
Ultratron,78222
Final DOOM,78091
The Path,77924
The Next BIG Thing,77836
Sonic the Hedgehog 4 - Episode II,77829
Draw a Stickman: EPIC,77729
Bionic Commando: Rearmed,77656
Gods Will Be Watching,77526
Black Ink,77498
Sine Mora,77384
Sherlock Holmes versus Jack the Ripper,77383
Bionic Commando,77295
Bardbarian,76948
Governor of Poker 2,76915
Brothers in Arms: Earned in Blood™,76666
Citadels,76641
Mini Metro,76634
Loren The Amazon Princess,76613
Greed: Black Border,76601
APOX,76530
Starscape,76447
Signs of Life,76344
Dominions 3: The Awakening,76223
Darkwood,76088
Grand Theft Auto,75914
Fly'N,75786
"7,62 High Calibre",75728
Type:Rider,75679
Flotilla,75220
Gratuitous Tank Battles,75102
Windosill,75058
Unstoppable Gorg,74955
Battlestations: Midway,74828
Warp,74542
Syberia II,74454
Eldritch,74266
War for the Overworld,74185
Virtual Families,74086
Moon Breakers,74021
3D-Coat V4,73889
Sakura Spirit,73871
Broken Sword 3 - the Sleeping Dragon,73733
Dark Fall: Lost Souls,73730
Legends of Aethereus,73592
From the Depths,73507
Crash Time 2,73395
Gish,73303
Sam & Max 104: Abe Lincoln Must Die!,72938
Realms of Arkania: Blade of Destiny,72818
Luxor 3,72634
LUMINES™,72592
Slender: The Arrival,72467
Yet Another Zombie Defense,72343
Critical Mass,72340
Prison Tycoon 3™: Lockdown,72299
Ballpoint Universe - Infinite,72128
F1 RACE STARS™,72069
Confrontation,72039
FarSky,71988
Puzzle Dimension,71839
Droid Assault,71657
Aperture Tag: The Paint Gun Testing Initiative,71615
Rocketbirds: Hardboiled Chicken,71255
Enemy Front,71227
Urban Trial Freestyle,71108
Catan: Creator's Edition,70869
Crazy Machines 2,70779
BlazBlue: Calamity Trigger,70746
RollerCoaster Tycoon® 2: Triple Thrill Pack,70710
Bob Came in Pieces,70370
Vanguard Princess,70228
Painkiller Overdose,69889
Defense Technica,69827
Beyond Divinity,69743
"Runaway, The Dream of The Turtle",69702
Cognition: An Erica Reed Thriller,69498
Deathmatch Classic,69438
Legendary,69275
Ikaruga,69177
Ultimate General: Gettysburg,68913
Castlevania: Lords of Shadow – Mirror of Fate HD,68759
Tales From Space: Mutant Blobs Attack,68631
Commander Keen,68338
Mare Nostrum,68191
liteCam Game: 100 FPS Game Capture,68113
TimeShift™,68043
Eschalon: Book III,67716
Worms Crazy Golf,67715
STAR WARS™ Starfighter™,67642
War of the Human Tanks,67561
Oddworld: Munch's Oddysee,67391
Loki,67103
Space Trader: Merchant Marine,67059
PAC-MAN™ Championship Edition DX+,66853
Blackwell Deception,66851
The Blackwell Legacy,66790
Tomb Raider VI: The Angel of Darkness,66553
Democracy 2,66122
Fleet Command,66118
STAR WARS™ Jedi Knight - Mysteries of the Sith™,66103
8BitMMO,66072
Closure,65920
Unreal 2: The Awakening,65867
Choplifter HD,65758
QuestRun,65745
Cossacks II: Napoleonic Wars,65741
Bunch of Heroes,65740
World of Zoo,65687
Cladun X2,65672
Legacy of Kain: Soul Reaver,65642
Lethal League,65631
Foreign Legion: Buckets of Blood,65627
Kairo,65369
Enclave,65268
Hate Plus,64980
Feeding Frenzy 2 Deluxe,64956
Tomb Raider III,64850
Kingdoms Rise,64800
Half Minute Hero: The Second Coming,64280
Kentucky Route Zero,64264
Rune Classic,64136
Penumbra: Requiem,64105
Unmechanical,64085
Puzzle Agent 2,63826
Alpha Prime,63760
Superfrog HD,63430
Spectraball,63366
Westward® IV: All Aboard,63273
Cossacks: European Wars,63166
Red Faction II,62996
MXGP - The Official Motocross Videogame,62885
"Warhammer 40,000: Storm of Vengeance",62864
Rebuild 3: Gangs of Deadsville,62731
Riven: The Sequel to MYST,62657
A Valley Without Wind 2,62362
Game Character Hub,62361
Metro: Last Light Redux,62361
Heroine's Quest: The Herald of Ragnarok,62345
PixelJunk™ Shooter,62341
Serious Sam Classics: Revolution,62142
WAKFU,62126
Jazzpunk,62066
Party of Sin,62048
Close Combat - Gateway to Caen,61886
Hacker Evolution: Untold,61797
Sonic CD,61696
Sunrider: Mask of Arcadius,61681
Arma Tactics,61380
Wizardry 6: Bane of the Cosmic Forge,60904
realMYST,60822
Tomb Raider IV: The Last Revelation,60807
Dead Horde,60322
Super Puzzle Platformer Deluxe,60208
Blood of the Werewolf,60017
Armada 2526,59955
Hotel Giant 2,59742
Space Quest™ Collection,59649
Lifeless Planet Premier Edition,59514
Cricket Captain 2014,59456
Virtual DJ - Broadcaster Edition,59418
Cossacks: Art of War,59352
Light of Altair,59321
Snapshot,59025
Double Dragon: Neon,58828
Off-Road Drive,58724
The Maw,58060
The Dream Machine: Chapter 1 & 2,58049
Pole Position 2012,57931
Original War,57631
Lugaru HD,57566
Smugglers 5,57565
Combat Wings: Battle of Britain,57419
Leisure Suit Larry in the Land of the Lounge Lizards: Reloaded,57356
Adventures of Shuggy,57288
Hamilton's Great Adventure,57225
Mitsurugi Kamui Hikae,56966
Secret Files 2: Puritas Cordis,56915
Dogfight 1942,56720
Blackwell Unbound,56637
Pickers,56581
The Settlers®: Heritage of Kings,56506
Contrast,56433
Syder Arcade,56379
Bloody Trapland,56343
Deadly 30,56307
Retrovirus,55817
Proteus,55549
X-Plane 10 Global - 64 Bit,55434
Planets Under Attack,55360
99 Spirits,55232
Silverfall: Earth Awakening,55133
Special Forces: Team X,54810
Masters of the World - Geopolitical Simulator 3,54797
Megabyte Punch,54669
Rise of the Argonauts,54549
Scourge: Outbreak,54410
SNOW,54379
Sherlock Holmes: The Awakened - Remastered Edition,54360
CONSORTIUM,54332
Dangerous Waters,54258
Sparkle 2 Evo,53848
The Misadventures of P.B. Winterbottom,53698
Robin Hood: The Legend of Sherwood,53693
Splice,53672
Delver,53577
Card City Nights,53420
Broken Sword 2 - the Smoking Mirror: Remastered,53336
Ohm Studio,53285
Victory At Sea,53269
Champions of Regnum,52891
Hexcells Plus,52831
Jolly Rover,52811
Lantern Forge,52804
Obulis,52652
The Whispered World Special Edition,52362
Making History: The Great War,52336
GT Legends,52282
Salvation Prophecy,52159
Element4l,52005
Melody's Escape,51913
Wake,51832
Zombie Shooter,51790
Galcon Legends,51733
Adventurer Manager,51691
SpellForce 2 - Demons of the Past,51678
3089 -- Futuristic Action RPG,51623
Nightmares from the Deep: The Cursed Heart,51296
Joint Task Force,51219
Inversion™,51094
Victory: The Age of Racing,51072
Manhunt,51047
Conquest of Champions,50896
Hard Truck Apocalypse / Ex Machina,50724
Floating Point,50674
18 Wheels of Steel: Extreme Trucker,50659
Gravity Badgers,50630
AaaaaAAaaaAAAaaAAAAaAAAAA!!! for the Awesome,50556
Woodle Tree Adventures,50345
Maelstrom: The Battle for Earth Begins,50163
Entropy,50090
X-COM: Enforcer,49666
Silverfall,49593
Nihilumbra,49522
Carmageddon: Reincarnation,49489
ReignMaker,49399
Waveform,49311
Midnight Club 2,49062
Forge Quest,48962
Commandos 3: Destination Berlin,48858
Gimbal,48802
Bang Bang Racing,48774
Still Life 2,48759
Fist Puncher,48709
Talisman: Prologue,48680
Circuits,48525
Escape Rosecliff Island,48505
Redshirt,48381
Zen of Sudoku,48242
The Book of Unwritten Tales: The Critter Chronicles,48223
Snuggle Truck,48206
Luxor Evolved,47987
Ancients of Ooga,47933
Star Wolves 2,47917
Amazing Adventures The Lost Tomb™,47893
Earth 2150 Trilogy,47780
Little Racers STREET,47756
eversion,47639
Day One : Garry's Incident,47562
Geneforge 2,47560
Akaneiro: Demon Hunters,47399
Damnation,47295
Knytt Underground,47277
Doctor Who: The Eternity Clock,47218
Iron Sky: Invasion,47125
Dynamite Jack,47039
Metal Drift,46958
Wolfenstein 3D,46849
Tesla Effect: A Tex Murphy Adventure,46749
Velvet Sundown,46486
Interplanetary,46465
Ethan: Meteor Hunter,46261
Flatout 3: Chaos & Destruction,46213
Condemned: Criminal Origins,46102
Smashmuck Champions,45911
FortressCraft Evolved!,45905
Strategic War in Europe,45858
Blackwell Convergence,45763
Peggle Extreme,45762
Reign: Conflict of Nations,45747
Mahjong Quest Collection,45708
Viscera Cleanup Detail: Shadow Warrior,45680
Estranged: Act I,45639
Foreign Legion: Multi Massacre,45607
Marauder,45597
Foul Play,45579
Marlow Briggs and the Mask of Death,45457
Sherlock Holmes - Nemesis,45449
Edna & Harvey: The Breakout,45150
Noitu Love 2: Devolution,45063
UFO: Aftershock,45039
Blood Knights,44882
Alien Breed 3: Descent,44869
Defy Gravity Extended,44747
Lost Horizon,44713
99 Levels To Hell,44589
Zen Bound 2,44518
Freedom Planet,44443
Lords of Xulima,44171
Clickr,44100
Among the Sleep,44075
RPG Maker XP,43975
Battlepillars Gold Edition,43974
Saturday Morning RPG,43947
Shelter,43923
Avernum 5,43848
Memoir '44 Online,43846
Commander: The Great War,43610
Eryi's Action,43568
Grand Theft Auto 2,43412
The Polynomial - Space of the music,43394
Castle of Illusion,43178
LogoMaker 4,43125
Plant Tycoon,43078
MINERVA,43076
Super Amazing Wagon Adventure,42950
Lost Planet: Extreme Condition Colonies Edition,42944
Bad Hotel,42718
MotoGP™14,42697
eXceed 2nd - Vampire REX,42649
GUN™,42383
Clickteam Fusion 2.5,42370
Assassin's Creed Freedom Cry,42326
Sherlock Holmes: The Silver Earring,42282
X-COM: Interceptor,42211
The Fall,42207
ibb & obb,42195
Portal 2 - The Final Hours,42073
Teslagrad,42069
Yosumin!™,41987
Strike Suit Zero: Director's Cut,41877
Batman™: Arkham Origins Blackgate - Deluxe Edition,41871
Super Motherload,41853
Death to Spies,41756
Skyborn,41605
Shad'O,41379
Risk,41269
Toy Soldiers: Complete,41125
Industry Empire,41015
Drakensang - Phileasson's Secret,40987
City Life 2008,40959
Larva Mortus,40931
Runaway: A Twist of Fate,40745
Wasteland 1 - The Original Classic,40701
Tom Clancy's Rainbow Six® Vegas,40669
Pressure,40634
Driver® Parallel Lines,40418
Virtual Villagers - The Secret City,40371
DG2: Defense Grid 2,40352
Ascendant,40334
Starseed Pilgrim,40319
Mr. Robot,40094
Chainz 2: Relinked,39951
Geneforge 5: Overthrow,39824
Incredipede,39772
Cricket Revolution,39740
ArcaniA: Fall of Setarrif,39736
Legend of Fae,39670
Farming Giant,39576
Flashback,39563
Antisquad,39505
Agricultural Simulator 2011: Extended Edition,39380
FaceRig,39188
Retro/Grade,39107
Rogue Warrior,38932
Rogue Shooter: The FPS Roguelike,38926
Dracula Origin,38925
Tank Operations: European Campaign,38886
Crazy Machines,38747
Highborn,38601
SATAZIUS,38530
Alien Hallway,38476
Magrunner: Dark Pulse,38429
Imperial Glory,38421
Mutant Mudds Deluxe,38241
Fractal: Make Blooms Not War,38234
Artemis Spaceship Bridge Simulator,38200
Westward Collection,38153
Doc Clock: The Toasted Sandwich of Time,38109
Zigfrak,37976
Hand of Fate,37931
Journey of a Roach,37832
Not The Robots,37795
Cradle of Rome,37649
Home,37516
Hero of the Kingdom,37394
Tachyon: The Fringe,37366
Legacy of Kain: Defiance,37211
Bientôt l'été,37172
Only If,37127
KickBeat Steam Edition,36935
Finding Teddy,36838
Farm for your Life,36837
The Book of Legends,36755
Critter Crunch,36710
X-Blades,36599
Tetrobot and Co.,36533
Safecracker: The Ultimate Puzzle Adventure,36510
TRANSFORMERS™: Rise of the Dark Spark,36494
Dangerous High School Girls in Trouble!™,36480
Insane 2,36479
Septerra Core,36186
Containment: The Zombie Puzzler,36169
Blockstorm,36156
GearCity,35956
Defenders of Ardania,35922
Painkiller Redemption,35845
Amazing Adventures Around the World,35820
Escape Goat,35632
Quest of Dungeons,35567
Quake Live™,35338
Samorost 2,35333
Super Laser  Racer,35301
Ceville,35220
Steam Marines,34980
Vector,34945
Dungeonmans,34895
Final Exam,34873
Manga Maker Comipo,34864
Civil War II,34661
BeamNG.drive,34615
Virtual Villagers: The Lost Children,34611
Oniken,34356
Daylight,34353
Contraption Maker,34271
Fish Tycoon,34231
eXceed - Gun Bullet Children,34156
Zack Zero,34108
Dead Man's Draw,34043
RACE - The WTCC Game,33968
Commandos: Beyond the Call of Duty,33883
3DMark 11,33805
Lunnye Devitsy,33697
HeXen II,33638
Defense Zone 2,33618
QUAKE Mission Pack 1: Scourge of Armagon,33383
Freight Tycoon Inc.,33324
Two Worlds II Castle Defense,33224
Abyss: The Wraiths of Eden,33206
Theme Park Studio,33064
Dark Void™,33047
Kohan: Immortal Sovereigns,32995
Five Nights at Freddy's,32991
Scrabble,32925
Virtual Villagers: A New Home,32924
1001 Spikes,32752
Paranormal,32620
Myst V,32455
Victoria I Complete,32437
Burn Zombie Burn!,32418
Star Ruler 2,32390
GTR 2 FIA GT Racing Game,32341
Saints Row IV: Inauguration Station,32253
Cloudbuilt,32246
Knock-knock,32171
Farm Frenzy 2,32156
Act of War: High Treason,32130
inMomentum,31993
Kohan: Ahriman's Gift,31927
Dream,31736
Grimm,31560
"Warhammer 40,000: Kill Team",31511
Crusaders: Thy Kingdom Come,31422
Deadbreed®,31401
Yesterday,31350
Anomaly Warzone Earth Mobile Campaign,31302
Drunken Robot Pornography,31201
Epic Space: Online,31176
Garshasp: The Monster Slayer,31161
Fight The Dragon,31130
Thunder Wolves,31064
The Yawhg,31016
Dead Hungry Diner,30992
140,30889
Robot Roller-Derby Disco Dodgeball,30858
Evolution RTS,30845
Bridge It +,30834
Dysfunctional Systems: Learning to Manage Chaos,30806
YOU DON’T KNOW JACK®,30776
Jane's Advanced Strike Fighters,30742
Reaper - Tale of a Pale Swordsman,30701
LOOM™,30545
Fiesta Online NA,30505
Alternativa,30496
Booster Trooper,30434
Zombies Monsters Robots (ZMR),30385
Giana Sisters: Twisted Dreams - Rise of the Owlverlord,30336
ETHER VAPOR Remaster,30291
Heroes Rise: The Prodigy,30273
Depression Quest,30191
Heroes of a Broken Land,30186
1849,30124
The Promised Land,30010
Rescue - Everyday Heroes (U.S. Edition),29794
Legacy of Kain: Soul Reaver 2,29783
Road Not Taken,29543
Tank Universal,29464
Canyon Capers,29433
Meridian: New World,29359
STARWHAL,29317
Runers,29155
Escape Goat 2,29114
Major Mayhem,29109
Myst: Masterpiece Edition,29085
Diehard Dungeon,28943
Tomb Raider V: Chronicles,28940
Wizardry 7: Crusaders of the Dark Savant,28871
LOVE,28744
Panzer Tactics HD,28711
ACDSee 15,28643
WARMACHINE: Tactics,28606
Galactic Arms Race,28587
Fantasy Grounds,28564
Planet Alcatraz,28564
Chains,28539
OTTTD,28502
Railroad Pioneer,28500
Sudeki,28500
PAC-MAN™ and the Ghostly Adventures,28469
GoD Factory: Wingmen,28451
InFlux,28451
Secret Files Tunguska,28351
Hexcells,28262
The 7th Guest,27884
The Great Art Race,27670
Etherlords II,27488
FootLOL: Epic Fail League,27475
The Few,27301
Sugar Cube: Bittersweet Factory,27276
Luxor 2,27244
Maia,27185
Scoregasm,27150
1000 Amps,27127
Rogue Trooper,27117
Advent Rising,27011
Murder Miners,26960
Heretic: Shadow of the Serpent Riders,26944
King Arthur: Fallen Champions,26942
Axis Game Factory's AGFPRO v3,26853
A Story About My Uncle,26839
Hitman: Contracts,26819
Sherlock Holmes and The Hound of The Baskervilles,26774
Watchmen: The End is Nigh Part 2,26673
Lords of the Black Sun,26656
Oknytt,26405
Auditorium,26269
Judge Dredd: Dredd vs. Death,26244
Hunting Unlimited 2010,26228
Crimzon Clover WORLD IGNITION,26162
Achron,26139
Watchmen: The End is Nigh,26138
nail'd,26073
Wildlife Park 3,26071
Samurai Gunn,26054
Heroes Rise: The Hero Project,25982
Cabela's® Hunting Expeditions,25975
Painkiller: Resurrection,25908
"I Have No Mouth, and I Must Scream",25842
Xpand Rally,25730
R.I.P.D.: The Game,25729
UFO: Aftermath,25637
English Country Tune,25596
Dream Pinball 3D,25557
ACE - Arena: Cyber Evolution,25536
Clones,25535
MDK 2,25464
You Have to Win the Game,25422
Check vs Mate,25409
Planet Stronghold,25391
Divine Souls F2P MMO,25344
GamersGoMakers,25343
Summoner,25309
Ms. Splosion Man,25285
Showtime!,25241
TUG,25211
Tiny Troopers,25143
RADical ROACH Deluxe Edition,25132
Pixel Puzzles: Japan,25113
BC Kings,25094
URU: Complete Chronicles,25075
NecroVisioN: Lost Company,25051
Tiny Thief,24959
Driftmoon,24912
Crawl,24905
Face Noir,24866
Leadwerks Game Engine,24766
Narco Terror,24764
Naval Warfare,24715
Cinders,24679
Thinking with Time Machine,24678
MirrorMoon EP,24655
BEEP,24646
KAMI,24538
Real Warfare 2: Northern Crusades,24537
Wrack,24421
The Inner World,24339
Twin Sector,24305
Death to Spies: Moment of Truth,24173
Saira,24169
Sweezy Gunner,24160
The Impossible Game,24126
Reaxxion,23990
Vegas: Make It Big™,23930
Codename: Panzers - Cold War,23924
EvilQuest,23893
Desperados: Wanted Dead or Alive,23835
Age of Booty™,23752
Stick it to The Man!,23710
Primal Fears,23686
688(I) Hunter/Killer,23660
Final Slam 2,23627
Wasteland Angel,23611
Halfway,23588
SOL: Exodus,23567
Nethergate: Resurrection,23533
Conflict: Denied Ops,23462
Dead Effect,23458
Cloudberry Kingdom™,23442
Chainsaw Warrior,23426
Iesabel,23409
Mystery P.I.™ - The Vegas Heist,23396
Glowfish,23341
Guilty Gear Isuka,23264
Solar Flux,23262
Everyday Shooter,23212
realMyst: Masterpiece Edition,23201
Anarchy Arcade,23099
aerofly FS,23054
BloodRayne 2,23019
The Chaos Engine,22965
Elder Sign: Omens,22934
SEGA Bass Fishing,22894
Wildlife Park 2,22762
Flight of the Icarus,22758
Speedball 2 HD,22756
Xotic,22711
Mechanic Escape,22665
Crazy Machines Elements,22628
Monster Trucks Nitro,22604
Luxor 2 HD,22603
Crash Time 3,22602
Secret Ponchos,22555
AquaNox 2: Revelation,22522
Nikopol: Secrets of the Immortals,22454
Bus-Simulator 2012,22369
QUAKE Mission Pack 2: Dissolution of Eternity,22350
Ninja Blade,22108
Savant - Ascent,22090
ItzaZoo,22085
Archon Classic,22022
Jack Keane,22012
Violett Remastered,21996
Realms of Arkania 3 - Shadows over Riva Classic,21966
Creativerse,21751
Alien Shooter,21723
Dungeonbowl - Knockout Edition,21714
Astebreed,21684
Xpand Rally Xtreme,21668
X: Tension,21661
Serious Sam: The Random Encounter,21642
Joe Danger,21476
Geneforge 3,21475
The Sandbox,21450
Rocket Knight,21431
POSTAL,21400
Rigonauts,21309
The Journey Down: Chapter One,21194
Blazing Angels® 2: Secret Missions of WWII,21189
OlliOlli,21163
Rulers of Nations,21102
Steam Bandits: Outpost,21084
Realms of Arkania 1 - Blade of Destiny Classic,21049
Doctor Who: The Adventure Games,21024
Alien Shooter: Revisited,20956
Future Wars,20954
Faces of War,20880
Hard Truck Apocalypse: Rise Of Clans / Ex Machina: Meridian 113,20831
Hacker Evolution Duality,20768
Shattered Planet,20734
Puzzle Chronicles,20723
Unearthed: Trail of Ibn Battuta - Episode 1 - Gold Edition,20722
Lilly Looking Through,20665
Painkiller: Recurring Evil,20630
Space Channel 5: Part 2,20590
Full Spectrum Warrior: Ten Hammers,20575
Beware Planet Earth.,20563
Soundodger+,20558
Echo Prime,20525
FATE: Undiscovered Realms,20390
SEASON OF MYSTERY: The Cherry Blossom Murders,20344
Sentinel 3: Homeworld,20259
RaySupreme 3D,20256
Babel Rising,20178
Smooth Operators,20142
Dementium II HD,20118
DreadOut,20114
RIP - Trilogy™,20114
Dark Matter,20097
T.E.C. 3001,20069
Songs2See,20044
Petz® Horsez® 2,19994
Air Conflicts: Vietnam,19943
Gravi,19933
Sprint Cars Road to Knoxville,19916
FRACT OSC,19914
Lili: Child of Geos - Complete Edition,19912
HeXen: Beyond Heretic,19902
AquaNox,19877
Colonies Online,19844
Narcissu 1st & 2nd,19834
Gorky 17,19831
Crea,19748
Nosferatu: The Wrath of Malachi,19732
Doorways: Prelude,19636
Last Knight: Rogue Rider Edition,19635
Blood Omen 2: Legacy of Kain,19491
Epigenesis,19445
GIGANTIC ARMY,19436
The Apogee Throwback Pack,19382
Delta Force — Black Hawk Down: Team Sabre,19314
The Graveyard,19296
Midnight Mysteries 3: Devil on the Mississippi,19092
Racing Manager 2014,19090
Hitogata Happa,19090
Meltdown,19080
GTGD S1: More Than a Gamer,19075
Alien Zombie Megadeath,19069
Fading Hearts,19020
Probably Archery,18984
Dead Bits,18963
Chompy Chomp Chomp,18941
The 39 Steps,18936
Culpa Innata,18877
Cold Fear™,18691
Tribloos 2,18686
9th Company: Roots Of Terror,18681
Genesis Rising,18672
Silo 2,18548
Secret Files 3,18474
Super Killer Hornet: Resurrection,18451
Hector: Badge of Carnage - Full Series,18447
Intake,18409
7 Wonders II,18388
Adventure Time:  Explore the Dungeon Because I DON’T KNOW!,18317
Build-A-Lot 4: Power Source,18312
Delta Force: Xtreme,18299
Pound of Ground,18286
Act of War: Direct Action,18279
Void Destroyer,18208
Volt,18175
Aztaka,18168
Trauma,18109
Gundemonium Recollection,18098
Sideway™ New York,18068
Tradewinds Classics,18008
DRAKERZ-Confrontation,17942
Gateways,17937
Millennium - A New Hope,17916
Victim of Xen,17913
Tiny Brains,17850
Dracula: Love Kills,17844
They Breathe,17843
Luxor: Quest for the Afterlife,17745
Farm Frenzy 3,17715
Vox,17632
Blockscape,17625
Gang Beasts,17589
Sherlock Holmes: The Mystery of the Mummy,17533
The Treasures of Montezuma 4,17521
Crazy Taxi,17462
Little Farm,17437
Cold War,17424
Mystery P.I.™ - The Lottery Ticket,17424
Paranormal State: Poison Spring,17417
Deadly Sin 2,17399
Spice Road,17392
Montague's Mount,17364
Freedom Fall,17338
Poöf,17315
Farm Frenzy,17303
Penguins Arena: Sedna's World,17242
Orbital Gear,17101
Perimeter 2: New Earth,17012
Anachronox,17001
NyxQuest: Kindred Spirits,16989
Caster,16962
Dragon Age™: Origins Awakening,16937
Blueberry Garden,16910
Big Money! Deluxe,16872
Nightmares from the Deep 2: The Siren`s Call,16872
Ku: Shroud of the Morrigan,16836
Ampu-Tea,16765
Helldorado,16743
NiGHTS Into Dreams,16741
Drawn®: The Painted Tower,16736
Spirits,16719
Zombie Pirates,16716
Adventure Time: Finn and Jake's Epic Quest,16703
Quest for Infamy,16691
Constant C,16571
Aces Wild: Manic Brawling Action!,16567
Zombie Tycoon 2: Brainhov's Revenge,16535
Midnight Mysteries,16530
Cabela's® Dangerous Hunts 2013,16517
Cake Mania Main Street™,16474
Scania Truck Driving Simulator,16462
Hazen: The Dark Whispers,16447
Fuse,16424
Midnight Mysteries 4: Haunted Houdini,16354
Rodina,16239
Heroes of Steel RPG,16205
Mad Riders™,16087
rymdkapsel,16038
Qvadriga,16021
For The Glory: A Europa Universalis Game,16005
Anomaly Defenders,15987
Master Levels for Doom II,15981
All Zombies Must Die!: Scorepocalypse,15949
Midnight Mysteries: Salem Witch Trials,15932
Velocity®Ultra,15918
Full Bore,15912
BIT.TRIP FATE,15888
Post Mortem,15854
Shantae: Risky's Revenge - Director's Cut,15834
BeatBlasters III,15825
Assault Android Cactus,15728
Pineapple Smash Crew,15719
Cloning Clyde,15701
Heavy Weapon Deluxe,15653
Tom Clancy's Ghost Recon® Island Thunder™,15595
Akane the Kunoichi,15565
Hammer Heads Deluxe,15535
Saints Row: The Third Initiation Station,15534
Memento Mori,15532
Dragon's Lair,15522
Project Freedom,15484
Guise Of The Wolf,15441
Super Panda Adventures,15357
Oozi: Earth Adventure,15355
Platformines,15308
Real Boxing™,15302
Coin Crypt,15284
Q.U.B.E: Director's Cut,15240
Ether One,15185
Ichi,15163
NaissanceE,15142
GundeadliGne,15141
Clutch,15141
iBomber Attack,15119
Call of Cthulhu: The Wasted Land,15082
Ski Region Simulator - Gold Edition,15033
Smash Cars,15008
Influent,14966
My Lands: Black Gem Hunting,14952
Mystery P.I.™ - The New York Fortune,14950
Gentlemen!,14949
The Last Express Gold Edition,14938
Quantz,14937
Airport Simulator 2014,14936
Tycoon City: New York,14917
The Clockwork Man,14814
BIT.TRIP VOID,14769
Reversion - The Escape (1st Chapter),14765
Aeon Command,14755
Shadow Harvest: Phantom Ops,14753
Skyscraper Simulator,14752
Deponia: The Complete Journey,14703
Crazy Machines 1.5,14691
Amazing World™,14668
Gettysburg: Armored Warfare,14647
Flora's Fruit Farm,14595
MIND: Path to Thalamus Enhanced Edition,14567
QUAKE III: Team Arena,14566
Slam Bolt Scrappers,14497
Ravensword: Shadowlands,14494
Mystery P.I. - Lost in Los Angeles,14419
Parkan 2,14419
Ninja Reflex: Steamworks Edition,14392
Nancy Drew®: Legend of the Crystal Skull,14389
BloodRayne Betrayal,14333
Geneforge 4: Rebellion,14329
Enigmatis 2: The Mists of Ravenwood,14215
Always Remember Me,14175
Bunny Must Die! Chelsea and the 7 Devils,14096
Mr. Bree+,14054
//N.P.P.D. RUSH//- The milk of Ultraviolet,14051
Perimeter,13979
Turba,13962
Reach for the Sun,13956
Inside a Star-filled Sky,13946
Full Spectrum Warrior,13943
Street Racing Syndicate,13919
Rush for Berlin Gold,13913
Wandering Willows™,13910
The Culling Of The Cows,13898
Cut the Rope,13873
GTI Racing,13871
Max: The Curse of Brotherhood,13857
Moebius: Empire Rising,13847
Paper Dungeons,13842
Prison Tycoon 4: SuperMax,13838
Aveyond 3-1: Lord of Twilight,13812
Aura: Fate of the Ages,13791
Luxor,13789
Chip,13779
Gomo,13772
Guacamelee! Super Turbo Championship Edition,13725
Sherlock Holmes: The Mystery of the Persian Carpet,13716
FaeVerse Alchemy,13701
Thrillville®: Off the Rails™,13678
Tiny Barbarian DX,13652
A.I.M.2 Clan Wars,13532
Mutant Storm: Reloaded,13530
Indiana Jones® and the Last Crusade™,13528
Sub Command,13525
Clockwork Tales: Of Glass and Ink,13496
Carnage Racing ™,13494
BIT.TRIP CORE,13493
Croixleur Sigma,13455
RoboBlitz,13351
Time Ramesside (A New Reckoning),13345
White Noise Online,13333
Diamond Dan,13323
MouseCraft,13309
Lovely Planet,13278
Dark Scavenger,13213
Battle: Los Angeles,13170
Alien Shooter 2 Conscription,13159
Dark Void™ Zero,13137
3D Ultra™ Minigolf Adventures,13048
MUD Motocross World Championship,13026
Sky Nations,12987
Petz® Catz® 2,12958
WORLD END ECONOMiCA episode.01,12938
Realms of Arkania 2 - Star Trail Classic,12923
Puzzle Bots,12914
Graviteam Tactics: Operation Star,12872
Shadow Man,12865
Blackwell Epiphany,12860
Masterspace,12800
XIII Century – Gold Edition,12791
The Novelist,12759
Jack Lumber,12713
Braveland,12646
Real World Racing,12633
Infectonator : Survivors,12587
Angelica Weaver: Catch Me When You Can,12578
Damage Inc. Pacific Squadron WWII,12491
Super Splatters,12419
Faery - Legends of Avalon,12298
LUMINES™ Advance Pack,12253
Tom Clancy's Ghost Recon® Desert Siege™,12237
Ascension to the Throne,12177
Richard & Alice,12145
Stick RPG 2: Director's Cut,12144
The Fifth Day,12129
Farm Frenzy 4,12111
Noir Syndrome,12098
Fireburst,12059
Swipecart,12015
Rise of Prussia Gold,12015
Ignite,11975
World War III: Black Gold,11906
Z,11894
Big Brain Wolf,11887
1953 - KGB Unleashed,11880
Wayward Manor,11857
Armed and Dangerous®,11784
Alone in the Dark,11755
Clockwork Empires,11748
Shadowrun Chronicles - Boston Lockdown,11726
Haegemonia: Legions of Iron,11725
Storm,11704
Secrets of Rætikon,11703
Who's That Flying?!,11684
Splatter - Blood Red Edition,11651
Imagine Me,11628
Life Goes On,11624
BloodRayne,11590
Hatoful Boyfriend,11516
Warrior Kings: Battles,11507
Lightfish,11494
Build-A-Lot,11491
Thirty Flights of Loving,11403
Frozen State,11397
Heileen 3: New Horizons,11291
Rayman Raving Rabbids™,11253
Shiny The Firefly,11236
The Clockwork Man: The Hidden World,11235
Nimble Quest,11204
Chocolatier®: Decadence by Design™,11166
Nancy Drew®: The Haunting of Castle Malloy,11123
Bad Bots,11118
Whispering Willows,11117
Cannon Fodder 3,11075
Gray Matter,11058
Mosby's Confederacy,11035
Death Track®: Resurrection,11032
Worms Pinball,10989
Omegalodon,10978
Tobe's Vertical Adventure,10976
Ghostbusters: Sanctum of Slime,10973
Dominique Pamplemousse,10957
Nancy Drew: Tomb of the Lost Queen,10932
Rhythm Destruction,10919
FATE: The Traitor Soul,10895
Revelations 2012,10866
3 Stars of Destiny,10779
F-22 Lightning 3,10776
Farming World,10771
Return to Mysterious Island,10770
Cake Mania Collection,10653
Adventure Park,10648
Abalone,10642
Crystals of Time,10626
Mars Colony:Challenger,10612
Marc Eck?'s Getting Up: Contents Under Pressure,10607
KnightShift,10531
Magical Drop V,10518
Dungeon Dashers,10517
Farming Simulator 2013 Modding Tutorials,10479
Neighbours from Hell Compilation,10460
Pizza Frenzy Deluxe,10428
Heroes Rise: HeroFall,10359
ProtoGalaxy,10356
Tryst,10329
Signal Ops,10325
Karateka,10277
Girls Like Robots,10210
Daikatana,10195
Obscure,10175
Holy Avatar vs. Maidens of the Dead,10160
Woodcutter Simulator 2013,10137
Vertical Drop Heroes HD,10132
10 Second Ninja,10104
Frederic: Resurrection of Music,10101
SlamIt Pinball Big Score,10098
Spear of Destiny,10093
Jack Keane 2 - The Fire Within,10073
International Snooker,10039
The Campaign Series: Fall Weiss,10006
Half-Life: Before,10000
Shadowrun: Dragonfall - Director's Cut,9994
The Shivah,9958
Shadows: Price For Our Sins Bonus Edition,9950
Warfare,9936
Monster Mash,9934
Al Emmo and the Lost Dutchman's Mine,9932
Delta Force 2,9926
Heileen 1: Sail Away,9920
Delta Force Land Warrior,9907
DisplayFusion,9870
Memories of a Vagabond,9870
Life is Feudal: Your Own,9864
Dysan the Shapeshifter,9854
Legend - Hand of God,9813
Habitat,9737
Darkwind: War on Wheels,9733
Vancouver 2010™ - The Official Video Game of the Olympic Winter Games,9721
7 Wonders: Magical Mystery Tour,9647
Mystery Case Files: Return to Ravenhearst,9607
The Great War 1918,9573
Delta Force Xtreme 2,9572
Kaptain Brawe: A Brawe New World,9552
Kill The Bad Guy,9527
Knightmare Tower,9500
B.U.T.T.O.N. (Brutally Unfair Tactics Totally OK Now),9487
The Forgotten Ones,9486
Acceleration of SUGURI X-Edition HD,9473
1954 Alcatraz,9465
The Room,9459
A Walk in the Dark,9448
Earth 2140,9424
Lume,9422
Captain Morgane and the Golden Turtle,9414
War in a Box: Paper Tanks,9412
Year Walk,9399
Wooden Sen'SeY,9394
Cabela’s® African Adventures,9364
Riptide GP2,9344
Nancy Drew®: Alibi in Ashes,9337
In Verbis Virtus,9332
Pixel Boy and the Ever Expanding Dungeon,9332
The Sun at Night,9310
Pox Nora,9230
The Samaritan Paradox,9230
Beast Boxing Turbo,9228
Firefighters 2014,9169
"\"Spy Fox in \"\"Dry Cereal\"\"\"",9141
Dead Sky,9092
LogiGun,9086
Hack 'n' Slash,9082
7 Wonders: Treasures of Seven,9078
Of Guards And Thieves,9074
Dead Mountaineer's Hotel,9045
Block Story™,9009
Nancy Drew®: Curse of Blackmoor Manor,8998
Elven Legacy: Ranger,8975
BorderZone,8951
Swarm Arena,8904
Power of Defense,8859
Ankh 2: Heart of Osiris,8859
Heavy Bullets,8837
CreaVures,8822
Battlepaths,8776
Vangers,8741
Alter Ego,8682
Post Master,8671
Mata Hari,8662
Driver Fusion Premium,8652
The UnderGarden,8625
Dinner Date,8552
Desperados 2: Cooper's Revenge,8547
Black Ice,8532
Battle Academy,8515
3SwitcheD,8507
RefleX,8506
Time of Shadows,8502
Comanche 4,8469
Shadowgate (2014),8456
Chronology,8422
Hidden Expedition: Amazon,8390
Depths of Fear :: Knossos,8363
Tom Clancy's Rainbow Six Lockdown™,8361
Harvester,8325
Frozen Cortex,8272
Super Time Force Ultra,8212
Zenerchi®,8184
SUGURI,8162
OMG Zombies!,8119
KRUNCH,8101
Comicado,8063
MDK2 HD,8018
Luxor Amun Rising,7986
Dive to the Titanic,7961
Lucidity™,7949
Battle Chess: Game of Kings™,7885
Pixel Puzzles: UndeadZ,7869
Delta Force: Task Force Dagger,7841
Samantha Swift and the Golden Touch,7841
Shadows: Heretic Kingdoms,7771
Millie,7762
Spirited Heart Deluxe,7761
Asteria,7758
Samantha Swift and the Hidden Roses of Athena,7654
Dungeon-Party,7642
Gunman Clive,7632
Gemini Lost™,7623
YAIBA: NINJA GAIDEN Z,7615
Heavy Fire: Afghanistan,7568
Racer 8,7550
A Stroke of Fate: Operation Valkyrie,7484
Sweet Lily Dreams,7461
Kuros,7435
Unrest,7427
Mevo and The Grooveriders,7413
Coma: Mortuary,7398
GestureWorks Gameplay,7369
Jagged Alliance Flashback,7335
Strata,7264
Return to Mysterious Island 2,7264
Deep Black: Reloaded,7245
The Last Door - Collector's Edition,7237
Axel & Pixel,7229
Project: Snowblind,7177
Space Hack,7118
Hotel Dash™ Suite Success™,7113
Rocket Mania Deluxe,7098
Cube & Star: An Arbitrary Love,7058
Diner Dash:® Hometown Hero™,7042
The Lost Crown,7030
Nancy Drew® Dossier™: Resorting to Danger!,7025
Magicians & Looters,7021
Mishap: An Accidental Haunting,7008
Nancy Drew®:  Secrets Can Kill REMASTERED,7003
Rambo The Video Game: Baker Team,6972
The Game of Life,6933
Arcadecraft,6933
Ubersoldier II,6910
Exodus from the Earth,6904
Carmageddon Max Pack,6901
Nancy Drew: the Ghost of Thornton Hall,6888
GhostControl Inc.,6843
Pineview Drive,6832
PT Boats: South Gambit,6796
9 Clues: The Secret of Serpent Creek,6762
Nancy Drew: The Captive Curse,6747
Race To Mars,6665
Fray: Reloaded Edition,6633
Trainz: Murchison 2,6618
Colour Bind,6615
Poker Superstars II,6603
PixelJunk™ Nom Nom Galaxy,6590
Science Girls,6560
Flock!,6529
Razor2: Hidden Skies,6522
Pressured,6522
The Last Tinker™: City of Colors,6520
Scary Girl,6518
Emerald City Confidential™,6517
Omikron: The Nomad Soul,6509
Jumpdrive,6469
Gumboy - Crazy Adventures™,6417
Muffin Knight,6376
Hidden Expedition: Everest,6374
Chicken Invaders 4,6358
Where Angels Cry,6342
Arcane Worlds,6320
Insecticide Part 1,6318
PT Boats: Knights of the Sea,6317
"Hamlet or the Last Game without MMORPG Features, Shaders ...",6315
Sniper Art of Victory,6313
World Basketball Manager 2010,6265
Legionwood 2 - Extended Edition,6264
Bullet Candy,6217
DETOUR,6199
Ziggurat,6180
Gumboy Tournament,6164
Guns n Zombies,6129
Gridrunner Revolution,6127
HeXen: Deathkings of the Dark Citadel,6120
Zeit²,6110
Zooloretto,6106
Rage Runner,6098
Three Dead Zed,6052
Rex Rocket,6038
Angvik,6034
Delta Force,6027
Shadow Warrior Classic (1997),5972
MURI,5963
Hexodius,5962
Pat & Mat,5944
Nostradamus: The Last Prophecy,5941
Cooking Dash®,5932
Aartform Curvy 3D 3.0,5930
Delta Force: Black Hawk Down,5866
Starlight Inception™?,5854
Cubetractor,5852
Gardens Inc. – From Rakes to Riches,5851
Danmaku Unlimited 2,5846
Robot Rescue Revolution,5835
Kingdom Tales,5834
Ironclads: High Seas,5829
Fish Fillets 2,5828
Konung 2,5816
Konung 3: Ties of the Dynasty,5814
Fritz Chess 14,5814
Dungeon of Elements,5770
Haunt the House: Terrortown,5757
MDK,5755
Chuck's Challenge 3D,5744
Enemy Mind,5736
Nancy Drew®:  Shadow at the Water's Edge,5725
Max Gentlemen,5723
Talismania Deluxe,5720
Pure Pool,5714
Continue?9876543210,5687
Hot Wheels™ World’s Best Driver™,5674
Hive,5664
The Dungeoning,5659
Farm Frenzy 3: American Pie,5647
Millennium 2 - Take Me Higher,5646
Detective Case and Clown Bot in: Murder in the Hotel Lisbon,5604
Anomaly Korea,5580
Drifter,5579
Dungeons: The Eye of Draconus,5533
Project Temporality,5532
Shadows on the Vatican Act I: Greed,5522
MoonBase Commander,5511
Escape From Paradise,5491
Timelines: Assault on America,5434
Unclaimed World,5423
Nancy Drew®: The Phantom of Venice,5409
Grimind,5393
8BitBoy™,5388
Musaic Box,5317
Qbeh-1: The Atlas Cube,5310
Bus Driver,5306
Vitrum,5253
IHF Handball Challenge 12,5247
Tomb Raider - The Final Hours Digital Book,5242
Ship Simulator: Maritime Search and Rescue,5233
Storm in a Teacup,5229
Nancy Drew®: The White Wolf of Icicle Creek,5228
Electronic Super Joy: Groove City,5193
Nancy Drew®: The Haunted Carousel,5185
Draconian Wars,5176
Build-A-Lot 2: Town of the Year,5175
Magnetis,5138
Brigade E5: New Jagged Union,5130
Star Raiders,5113
Blue Toad Murder Files™: The Mysteries of Little Riddle,5105
BIT.TRIP FLUX,5083
Farm Frenzy: Pizza Party,5080
Massive Assault Network 2,5078
Haunted House™,5076
BRAINPIPE: A Plunge to Unhumanity,5063
Merchants of Kaidan,5053
Alien Spidy,5051
Advanced Tactics Gold,5006
Perfection.,4936
Drug Wars,4936
Crazy Plant Shop,4924
Magicka: Wizards of the Square Tablet,4917
Nancy Drew®: Ghost Dogs of Moon Lake,4907
LocoCycle,4895
ORB,4858
Imagine Earth,4857
Agricultural Simulator: Historical Farming,4856
Global Outbreak: Doomsday Edition,4847
Iggle Pop Deluxe,4822
Dimensity,4818
Ride! Carnival Tycoon,4802
Cabela's® Big Game Hunter™ Trophy Bucks,4801
Global Ops: Commando Libya,4798
Ziro,4778
Amazing Princess Sarah,4777
Spy Chameleon - RGB Agent,4761
Alpha Kimori™ 1,4749
Nancy Drew ®: Danger on Deception Island,4725
Project Aftermath,4724
Vertex Dispenser,4696
Brawlhalla,4691
Vector Thrust,4691
Kingpin — Life of Crime,4687
Eleusis,4685
Nancy Drew®: Secret of the Scarlet Hand,4677
Battle Group 2,4669
Rain Blood Chronicles: Mirage,4669
Aqua Kitty - Milk Mine Defender,4657
Mashed,4652
Joint Operations: Combined Arms Gold,4643
Gun Metal,4638
Wing IDE 5,4624
Warrior Kings,4611
World War II: Panzer Claws,4578
Book of Legends,4570
Dark Fall: The Journal,4569
Fearless Fantasy,4563
The Otherside: Realm of Eons,4542
Real Warfare 1242,4515
Frozen Hearth,4497
Hostile Waters: Antaeus Rising,4441
Reversion - The Meeting (2nd Chapter),4432
Blood: One Unit Whole Blood,4431
The Nightshift Code™,4418
RPG Tycoon,4397
Rag Doll Kung Fu,4387
Black Mirror II,4382
Super Toy Cars,4378
The Club™,4365
The Path - Prologue,4356
Worms Blast,4353
Two Brothers,4352
Elven Legacy: Siege,4346
Vlad the Impaler,4344
Worms,4335
Shattered Haven,4327
Memento Mori 2,4324
Arena Wars 2,4307
Wildlife Park 2 - Marine World,4299
Huntsman: The Orphanage (Halloween Edition),4295
Cranky Cat,4266
The 11th Hour,4237
Monochroma,4218
Hexcells Infinite,4202
Necronomicon: The Dawning of Darkness,4197
Petz® Dogz® 2,4183
Ninja Cats vs Samurai Dogs,4162
Zoom Player Steam Edition,4155
PCMark 8,4152
Final Rush,4142
Dream Chronicles®: The Chosen Child™,4132
Z3TA+ 2,4128
Space Farmers,4103
Dyad,4101
Ironclads: American Civil War,4083
Ballad of Solar,4075
Power-Up,4061
GTR Evolution Expansion Pack for RACE 07,4060
Mystery Case Files: Huntsville,4049
Collapse,4041
Soulbringer,4034
Choice of the Deathless,4030
Coldfire Keep,4022
Hunting Unlimited™ 2008,4006
Nancy Drew®: Last Train to Blue Moon Canyon,3997
Haegemonia: The Solon Heritage,3996
Frontline : Road to Moscow,3973
Ironclads: Anglo Russian War 1866,3963
Theatre Of The Absurd,3961
Dracula: The Resurrection,3935
Ankh 3: Battle of the Gods,3929
A.I.M. Racing,3923
Colin McRae Rally,3910
Procyon,3900
Explodemon,3899
Tango Fiesta,3893
Black Mirror III,3890
Heldric - The legend of the shoemaker,3883
Truck Racer,3882
So Many Me,3869
Residue: Final Cut,3866
Elven Legacy: Magic,3856
Wildlife Park 2 - Dino World,3837
Trace Vector,3826
World War 2: Time of Wrath,3806
Secret Files: Sam Peters,3743
SPACECOM,3727
Arcadia,3720
The Wizard's Pen™,3716
Bone: Out From Boneville,3693
Discovery! A Seek and Find Adventure,3666
Grim Legends: The Forsaken Bride,3639
Aggression: Europe Under Fire,3624
Massive Assault,3621
Cosmic DJ,3606
Space Ark,3572
Castle: Never Judge a Book by its Cover,3569
Coconut Queen,3568
Cannons Lasers Rockets,3540
Trucks & Trailers,3530
Actual Sunlight,3503
Wings Over Europe,3501
Real Horror Stories Ultimate Edition,3499
US and THEM,3480
Total Pro Golf 3,3477
Tex Murphy: The Pandora Directive,3477
Stonerid,3461
Catzilla 4K - Advanced,3456
The Egyptian Prophecy: The Fate of Ramses,3452
The Mysterious Cities of Gold,3440
Glare,3439
Fast & Furious™: Showdown,3435
Sacraboar,3432
Tommy Tronic,3427
Super Lemonade Factory,3426
Nancy Drew: The Deadly Device,3411
Ultionus: A Tale of Petty Revenge,3411
FLASHOUT 2,3387
Earthworm Jim 3D,3360
The Terminal 2,3343
Hidden Expedition: Titanic,3318
Battleplan: American Civil War,3309
Bionic Heart,3285
Eidolon,3283
The Entente Gold,3261
Pajama Sam: No Need to Hide When It's Dark Outside,3258
Nancy Drew®: Danger by Design,3238
Etherlords,3221
Nancy Drew: Trail of the Twister,3220
Roller Coaster Rampage,3203
Home Sheep Home 2,3196
Avoid - Sensory Overload,3194
Putt-Putt® Saves the Zoo,3191
YOU DON'T KNOW JACK Vol. 1 XL,3182
ThreadSpace: Hyperbol,3175
Panzer Elite Action Gold Edition,3167
Spate,3161
Woody Two-Legs: Attack of the Zombie Pirates,3157
Ground Pounders,3154
Helicopter Simulator 2014: Search and Rescue,3146
Spud's Quest,3126
Sokobond,3119
Zoo Rampage,3108
0RBITALIS,3107
Postmortem: One Must Die (Extended Cut),3099
Blackbay Asylum,3092
The Plan,3085
DinerTown Tycoon,3069
Montas,3056
Fester Mudd: Curse of the Gold - Episode 1,3050
World of Diving,3044
RACE 07: Andy Priaulx Crowne Plaza Raceway (Free DLC),3040
Massive Assault: Phantom Renaissance,3039
Line Of Defense Tactics - Tactical Advantage,3028
Rotastic,3023
World Basketball Tycoon,3019
Maya LT (with Stingray),3018
Jack Orlando: Director's Cut,3006
Serena,3002
Rush for Glory,2987
Terrorhedron,2976
A-Train 8,2967
RECYCLE,2948
Bridge Constructor Playground,2947
Northmark: Hour of the Wolf,2931
GTR - FIA GT Racing Game,2923
Praetorians,2922
Nightshift Legacy: The Jaguar's Eye™,2920
Dracula 3: The Path of the Dragon,2872
PAC-MAN MUSEUM™,2871
Trainz: Classic Cabon City,2863
Pivvot,2860
Radiant Defense,2849
YOU DON'T KNOW JACK Vol. 4 The Ride,2848
LA Cops,2792
Roogoo,2775
Freaking Meatbags,2770
Black Mirror,2763
Detective Grimoire,2748
Conflict Desert Storm™,2737
Escape From Paradise 2,2718
The Memory of Eldurim,2716
Rabbit Hole 3D: Steam Edition,2705
Transport Giant,2688
Adventure Chronicles: The Search For Lost Treasure,2679
Humans Must Answer,2672
QUAKE II Mission Pack: Ground Zero,2671
Road Redemption,2654
Fancy Skulls,2652
Isomer,2647
Tsukumogami,2642
G-Ball,2619
Titanfall - The Final Hours,2577
"Nancy Drew® Dossier™: Lights, Camera, Curses!",2574
Corporate Lifestyle Simulator,2571
Pulstar,2571
ROCKETSROCKETSROCKETS,2564
MAV,2560
Telltale Texas Hold ‘Em,2550
QUAKE II Mission Pack: The Reckoning,2530
"\"Spy Fox 2 \"\"Some Assembly Required\"\"\"",2512
Stranded,2509
AVSEQ,2505
Gravitron 2,2499
CT Special Forces: Fire for Effect,2481
Kill Fun Yeah,2476
Gridiron Solitaire,2470
Dracula 2: The Last Sanctuary,2464
Venice Deluxe,2464
Monsters Ate My Birthday Cake,2464
Krita Gemini,2447
Nancy Drew®: Secret of the Old Clock,2447
Cloud Chamber,2433
Millennium 3 - Cry Wolf,2429
FIST OF AWESOME,2422
Tales From The Dragon Mountain: The Strix,2421
Recovery Search & Rescue Simulation,2416
Astro Tripper,2414
Ionball 2: Ionstorm,2410
Build-A-Lot 3: Passport to Europe,2401
A-Men,2393
Flower Shop: Summer In Fairbrook,2379
Obscure II (Obscure: The Aftermath),2378
Project Root,2375
Micron,2367
Basketball Pro Management 2014,2361
Vigil: Blood Bitterness™,2351
Trino,2334
YOU DON'T KNOW JACK Vol. 3,2333
Probability 0,2330
Wild Warfare,2328
Garshasp: Temple of the Dragon,2324
Time Mysteries 2: The Ancient Spectres,2324
Escape The Museum,2310
Mining & Tunneling Simulator,2310
Chaos Theory,2298
Krautscape,2297
McDROID,2290
Construction Machines 2014,2290
Data Jammers: FastForward,2289
Rogue Stormers,2283
Over 9000 Zombies!,2282
Z Steel Soldiers,2266
Evil Pumpkin: The Lost Halloween,2252
Spaceforce Constellations,2242
Gold Rush! Classic,2231
Battleship,2225
BlackSoul: Extended Edition,2224
The Journey Down: Chapter Two,2219
Empress Of The Deep,2191
Nancy Drew®: The Creature of Kapu Cave,2185
Romance of Rome,2182
Diaper Dash®,2175
My Tribe,2170
Ride 'em Low,2169
Backstage Pass,2166
Yumsters 2: Around the World,2157
The Secret Of Hildegards,2131
Warehouse and Logistics Simulator,2123
EPOCH,2118
Aveyond 3-2: Gates of Night,2103
Stained,2092
Toxic Bunny HD,2087
Dark Fall 2: Lights Out,2086
Calibre 10 Racing,2085
Mystery Case Files: Prime Suspects,2048
Iron Warriors: T - 72 Tank Command,2045
Air Forte,2043
Nancy Drew®: Ransom of the Seven Ships,2033
Luxuria Superbia,2032
YOU DON'T KNOW JACK MOVIES,2030
Fowl Space,2027
Undead Overlord,2024
Foosball - Street Edition,2013
Gunhound EX,2006
Into the Dark: Ultimate Trash Edition,1998
Rooks Keep,1995
Bone: The Great Cow Race,1992
All Aspect Warfare,1991
Eterium,1974
Vertiginous Golf,1973
Action Henk,1973
Descent: FreeSpace – The Great War,1972
Data Hacker: Initiation,1969
Shan Gui (??),1969
Starlite: Astronaut Rescue - Developed in Collaboration with NASA,1954
Chronicles of Mystery: The Scorpio Ritual,1940
The Desolate Hope,1934
The Maker's Eden,1928
Infinite Space III: Sea of Stars,1923
Dragon's Lair 2: Time Warp,1908
Game Tycoon 1.5,1907
Ducati World Championship,1890
Millionaire Manor,1889
Frederic: Evil Strikes Back,1857
Lost Marbles,1813
Ghostship Aftermath,1807
Dusty Revenge:Co-Op Edition,1799
Worlds of Magic,1798
Nicolas Eymerich - The Inquisitor - Book 1 : The Plague,1789
White Haven Mysteries,1774
Nancy Drew®: Warnings at Waverly Academy,1774
The Cameron Files: The Secret at Loch Ness,1764
Freespace 2,1763
Frayed Knights: The Skull of S'makh-Daon,1752
YOU DON'T KNOW JACK HEADRUSH,1733
Eternity's Child,1733
Soul Gambler,1722
MovieWriterPro,1721
Super Trench Attack!,1713
Galactic Bowling,1710
Defense Zone,1698
Screencheat,1682
Manhunter,1681
Adventurezator: When Pigs Fly,1681
Yar's Revenge,1681
Pajama Sam 2: Thunder and Lightning Aren't So Frightening,1665
Concursion,1662
Claire,1657
Princess Isabella - Return of the Curse,1655
Mystery Case Files: Madame Fate,1652
Mishap 2: An Intentional Haunting - Collector's Edition,1650
The Happy Hereafter,1642
Coniclysm,1641
Rising Angels: Reborn,1634
Flockers™,1632
Voodoo Whisperer Curse of a Legend,1627
The Floor is Jelly,1611
Summer Athletics,1606
Q*bert: Rebooted,1605
Inescapable,1594
Lexica,1591
The Tomorrow War,1582
Journal,1582
Alex Hunter - Lord of the Mind Platinum Edition,1577
Zoo Park,1554
Earthworm Jim 2,1545
Claustrophobia: The Downward Struggle,1545
Let's Sing,1541
Humanity Asset,1540
Death and the Fly,1535
Machines At War 3,1531
Direct Hit: Missile War,1526
Battle Mages,1523
Motte Island,1521
Viktor,1512
Slip,1497
Demolition Master 3D,1493
Princess Isabella,1492
Pro Rugby Manager 2015,1491
Revolution Ace,1490
Stronghold Crusader 2,1479
Fatale,1478
"House of 1,000 Doors: Family Secrets Collector's Edition",1474
Viking Brothers,1452
Jagged Alliance 1: Gold Edition,1445
Wildlife Park 2 - Fantasy,1428
Azada,1426
Clan of Champions,1412
Mega Coin Squad,1384
Freddi Fish and The Case of the Missing Kelp Seeds,1371
Planet Busters,1367
Always Sometimes Monsters Demo,1359
Urban Chaos,1358
Hotel Collectors Edition,1352
Gardens Inc. 2: The Road to Fame,1350
Pajama Sam 3: You Are What You Eat From Your Head To Your Feet,1334
Bravada,1325
CubeGun,1321
Legends of Persia,1320
Towtruck Simulator 2015,1316
Crazy Machines: Golden Gears,1304
Terraformer Expedition to Mars,1303
Dark Lore Mysteries: The Hunt For Truth,1291
Trainz Settle and Carlisle,1283
Iron Roses,1282
Voodoo Dice,1280
Son of Nor,1274
Beijing 2008™ - The Official Video Game of the Olympic Games,1270
Momodora III,1259
Munin,1242
Burning Cars,1234
Dracula 4 and  5 - Special Steam Edition,1222
Super Comboman: Don't Mash Edition,1221
Namariel Legends: Iron Lord Premium Edition,1217
Point Perfect,1216
Bumbledore,1214
Famaze,1210
Wyv and Keep: The Temple of the Lost Idol,1205
4x4 Dream Race,1201
CRYENGINE,1199
Light,1193
Blitzkrieg 2 Anthology,1189
Obludia,1183
Wedding Dash® 2: Rings Around the World,1177
Forsaken Uprising,1174
Echo of the Wilds,1166
Mystery Case Files: Ravenhearst,1164
Another Perspective,1155
Blast Em!,1142
Glitchspace,1141
Depth Hunter 2: Deep Dive,1138
Elminage Gothic,1135
Space Ace,1126
Space Giraffe,1125
XenoRaptor,1119
Sledgehammer / Gear Grinder,1114
Tales From The Dragon Mountain 2: The Lair,1114
F-16 Multirole Fighter,1112
The Dream Machine: Chapter 3,1106
"\"Spy Fox 3 \"\"Operation Ozone\"\"\"",1104
The Battle of Sol,1102
Realms of the Haunting,1093
Amerzone: The Explorer’s Legacy,1088
Pyroblazer®,1085
Malevolence: The Sword of Ahkranox,1063
Elizabeth Find M.D. - Diagnosis Mystery - Season 2,1056
Boson X,1055
Escape The Lost Kingdom: The Forgotten Pharaoh,1040
Borealis,1037
Alone in the Dark: The New Nightmare,1033
Ironclads: Schleswig War 1864,1023
War on Folvos,1019
Valerie Porter and the Scarlet Scandal™,1007
FINAL FANTASY IV,1003
Sentinel,1001
Zombie Solitaire,999
Cosmic Osmo and the Worlds Beyond the Mackerel,997
Rube Works: The Official Rube Goldberg Invention Game,991
Retro Game Crunch,988
Raycatcher,973
Evopollution,966
Wildlife Park 2 - Horses,960
Particulars,959
I Am Vegend - Zombiegeddon,950
Speed Kills,941
Ironclads: Chincha Islands War 1866,936
Gauntlet™ Slayer Edition,931
Portal 2 Sixense Perceptual Pack,928
Hot Dish,925
Mission Runway,905
Spelunx and the Caves of Mr. Seudo,888
Wildlife Park 2 - Farm World,879
Hangeki,877
Cosmonautica,877
CAPSULE,876
Rooms: The Main Building,874
Labyrinthine Dreams,874
Recruits,873
Miner Wars Arena,872
Between,869
Jamsouls,868
9.03m,864
Ludwig,853
8-Bit Commando,851
Cult of the Wind,845
Selknam Defense,844
Aces of the Galaxy™,842
Mirror Mysteries 2,842
Nicole (otome version),842
MiG-29 Fulcrum,836
Mirror Mysteries,834
The Guild Gold Edition,833
Infinity Runner,819
4PM,818
Incoming Forces,815
Sea Legends: Phantasmal Light Collector's Edition,813
YOU DON'T KNOW JACK TELEVISION,807
Super Granny Collection,807
Overruled!,803
Haunted Past: Realm of Ghosts,798
Dark Horizons: Mechanized Corps,792
Truffle Saga,787
Vault Cracker,775
Heli Heroes,775
Monsters & Munitions,773
Kingdom Elemental,769
Pajama Sam 4: Life Is Rough When You Lose Your Stuff!,765
To End All Wars,760
Victorian Admirals,759
Heroes & Legends: Conquerors of Kolhar,747
Time Mysteries 3: The Final Enigma,743
GAUGE,742
YOU DON'T KNOW JACK Vol. 2,739
Jet Car Stunts,736
Nearwood - Collector's Edition,729
Overcast - Walden and the Werewolf,728
Empress Of The Deep 2: Song Of The Blue Whale,726
RC Cars,724
Heileen 2: The Hands Of Fate,720
Numba Deluxe,718
Steam Squad,707
Baron Wittard: Nemesis of Ragnarok,707
House of 1000 Doors: The Palm of Zoroaster Collector's Edition,704
Martial Arts: Capoeira,700
Color Symphony,699
Cyto,692
300 Dwarves,685
Back to Bed,682
DubWars,677
Bot Colony,671
Jet Gunner,659
El Matador,657
Lost Civilization,652
Mahjong Roadshow™,649
Infinite Game Works Episode 0,647
Fitness Dash™,644
Voyage: Journey to the Moon,644
Doom Rails,633
Them - The Summoning,633
Dex,626
Growing Pains,619
TriJinx: A Kristine Kross Mystery™,617
Super Game Jam,613
Dreamscapes: The Sandman - Premium Edition,612
Chicken Shoot Gold,611
Where is my Heart?,610
The Great Jitters: Pudding Panic,609
IHF Handball Challenge 14,606
Metal Planet,605
School Bus Fun,604
NoLimits 2 Roller Coaster Simulation,600
Rhiannon: Curse of the Four Branches,595
Blood II: The Chosen + Expansion,593
Long Night,590
Time of Fury,584
Freddi Fish and Luther's Maze Madness,580
Tex Murphy: Martian Memorandum,580
Chess 2: The Sequel,579
DIVO,578
Reprisal Universe,565
AR-K,564
ZAMB! Biomutant Extermination,556
Putt-Putt® Travels Through Time,545
Terrian Saga: KR-17,545
Perimeter: Emperor's Testament,543
Fall of the New Age Premium Edition,536
Out There Somewhere,533
Biozone,531
Spark Rising,530
Gender Bender DNA Twister Extreme,528
Iron Soul,519
DinerTown Detective Agency™,519
Tunnel Rats,518
liteCam HD 5.0: Screen/Stream Capture,518
Flower Shop: Winter In Fairbrook,517
Angle of Attack,516
Trainz Trouble,508
Chernobyl Commando,507
Counter-Strike Nexon: Zombies,502
Pretentious Game,498
Tales of Adventure 2,494
I Shall Remain,491
Spoiler Alert,485
Subject 9,483
Wildlife Park 2 - Crazy Zoo,482
KEL Reaper of Entropy,477
Storm over the Pacific,476
Hunters Of The Dead,459
Dreaming Sarah,453
Luxor: Amun Rising HD,452
YOU DON'T KNOW JACK SPORTS,451
Lost Chronicles of Zerzura,448
The Abbey,442
Putt-Putt® Joins the Parade,440
QUALIA 3: Multi Agent,438
The Talos Principle,437
Marine Sharpshooter II: Jungle Warfare,434
Organic Panic,434
iPi Recorder 2,434
Freddi Fish 2: The Case of the Haunted Schoolhouse,429
Hidden in Plain Sight,426
The Manhole: Masterpiece Edition,425
Supreme Ruler Ultimate,425
Freddi Fish 5: The Case of the Creature of Coral Cove,424
Geekbench 3,423
Shadow Ops: Red Mercury,421
The Counting Kingdom,420
Desert Thunder,418
The Cat and the Coup,417
Brain Spa,417
Armored Fist 3,415
Tex Murphy: Under a Killing Moon,414
NeonXSZ,409
The Nightmare Cooperative,407
The Hat Man: Shadow Ward,403
Airship Dragoon,397
Bird Assassin,394
Mightier,386
Bridge Constructor Medieval,386
Dark Raid,381
Litil Divil,381
Atlantis Sky Patrol,374
The Long Dark,366
Crouching Pony Hidden Dragon,362
C-RUSH,359
Orc Attack: Flatulent Rebellion,351
Doorways: The Underworld,343
Brigador,341
Mahjongg Investigations: Under Suspicion,341
Mavis Beacon Teaches Typing Family Edition,333
Hippocampal: The White Sofa,332
Black Rainbow,326
Midnight Outlaw: 6 Hours to SunUp,322
Proxy Blade Zero,314
Putt-Putt® Enters the Race,313
Pixel Hunter,311
Professor Fizzwizzle and the Molten Mystery,307
A Fistful of Gun,304
Shadow Blade: Reload,302
Blinding Dark,301
Hyper Fighters,298
Tinertia,297
Velocibox,296
Young Justice: Legacy,296
Appointment With FEAR,293
Clans,286
Platypus,284
Dark Shadows - Army of Evil,283
STCC - The Game 1 - Expansion Pack for RACE 07,283
Steel Storm A.M.M.O.,282
liteCam Android: No Root Android Screen Recorder,278
Small Town Terrors Pilgrim's Hook Collector's Edition,275
Retrobooster,273
MAGIX Audio & Music Lab 2014 Premium,271
The Howler,268
Bloodbath,267
The House,264
Night Shift,262
My Ex-Boyfriend the Space Tyrant,262
Freddi Fish 4: The Case of the Hogfish Rustlers of Briny Gulch,259
Guilty Gear X2 #Reload,254
Legions of Ashworld,249
Pandemonium,248
Iron Fisticle,244
Galactic Command Echo Squad SE,243
Colossal Kaiju Combat™: Kaijuland Battles,238
Chaos Domain,236
Eurofighter Typhoon,234
HTR+ Slot Car Simulation,233
Freddi Fish 3: The Case of the Stolen Conch Shell,225
Yatagarasu Attack on Cataclysm,225
Paradigm Shift,222
Steel & Steam: Episode 1,219
Redneck Racers,217
MAGIX Audio Cleaning Lab 2014,215
Knight Squad,213
COIL,209
Starion Tactics,207
LogicBots,206
Putt-Putt®: Pep's Birthday Surprise,206
Putt-Putt® Goes to the Moon,188
The Masterplan,185
Dr. Daisy Pet Vet,184
Sudokuball Detective,183
Taxi,183
FORCED SHOWDOWN,176
Echelon,164
Jane Angel: Templar Mystery,162
Exodus,158
Uprising44: The Silent Shadows,157
Farm Machines Championships 2014,155
Roundabout,151
Deathtrap Dungeon,137
Aritana and the Harpy's Feather,136
Tex Murphy: Mean Streets,133
Black The Fall,132
Hard Truck Apocalypse: Arcade / Ex Machina: Arcade,131
Boo Bunny Plague,128
Melissa K. and the Heart of Gold Collector's Edition,125
Liquid Rhythm,123
RACE On,123
Tradewinds Caravans + Odyssey Pack,122
Salammbô: Battle for Carthage,121
Putt-Putt® Joins the Circus,120
Indie Graphics Bundle - Royalty Free Sprites,115
Subnautica,114
Spellcrafter,114
SPORT1 Live : Duel,112
My Riding Stables,109
BOMB: Who let the dogfight?,107
Cobi Treasure Deluxe,106
Spy Fox In: Cheese Chase,106
DanceWall Remix,105
Tex Murphy: Overseer,104
Battle Mages: Sign of Darkness,104
Morphopolis,103
Kick-Ass 2,102
Blitzkrieg Anthology,102
The Sum of All Fears,100
My Pet Hotel 2,98
D.W.A.R.F.S.,98
Robin's Quest,94
Cypress Inheritance: The Beginning,92
Subnautica Terrain Test,91
RACE: Caterham Expansion,90
Tiestru,89
Pe-2: Dive Bomber,88
Third Eye Crime,87
Dusk 12,78
Putt-Putt® and Fatty Bear's Activity Pack,74
Bad Mojo Redux,66
My Riding Stables: Life with Horses,66
The Witch's Yarn,65
Echelon: Wind Warriors,64
Cakewalk Loop Manager,62
Pajama Sam's Sock Works,61
Red Johnson's Chronicles - 1+2 - Steam Special Edition,60
Dyscourse,60
Anmynor Puzzles,57
Top Hat,56
Glacier 3: The Meltdown,56
Cubesis,52
Pacific Storm,51
Squirt's Adventure,51
My Vet Practice: In the Country,50
Train Town,46
Desert Gunner,46
Great Permutator,46
GTGD S2: Just One Dev,45
Spy Fox In: Hold the Mustard,45
GT Power Pack – Expansion Pack for RACE 07,44
Gunship!,40
Children of Liberty,34
Iron Storm,34
Monkey Tales Games,32
Pajama Sam's Lost & Found,30
Sharpe Investigations: Death on the Seine,30
Sentris,29
Derrick the Deathfin,27
Scooby Doo! & Looney Tunes Cartoon Universe: Adventure,26
Bedlam,26
Toast Time,26
Rocko's Quest,23
Orborun,22
A Vampyre Story,20
Altitude0: Lower & Faster,20
Carmageddon 2: Carpocalypse Now,18
My Best Friends - Cats & Dogs,18
planetarian ~the reverie of a little planet~,18
Cosmochoria,16
Railroad X,16
Dwelvers,14
Millennium 4 - Beyond Sunset,14
WTCC 2010 – Expansion Pack for RACE 07,13
Bounders and Cads,13
6180 the moon,13
RACE Injection,12
Biglands: A Game Made By Kids,12
The Book of Unwritten Tales 2,9
AutoTileGen,8
Elegy for a Dead World,8
STCC The Game 2 – Expansion Pack for RACE 07,7
7 Wonders of the Ancient World,7
Ford Racing Off Road,6
Magicmaker,6
Triblaster,6
Dungeon Lurk II - Leona,6
Hero of Many,5
Shannon Tweed's Attack Of The Groupies,5
Pixeluvo,5
Rover Rescue,5
fault milestone one,4
Spaceforce Homeworld,3
eden - 3D Screensaver,2
Alpha Zylon,2
Vanguard Princess Director's Cut,1
Ohmicide,1
One Day For Ched,1
Loadout Steam Launch Starter Pack,1
RETRO – Expansion Pack for RACE 07,1
"Fairy Tale About Father Frost, Ivan and Nastya",1
Freddi Fish and Luther's Water Worries,1
Zombie Driver HD Apocalypse Pack,1
See No Evil,1
Putt-Putt® and Pep's Dog on a Stick,0
The Escapist,0
Monster Challenge Circus,0
Far Cry® 4,0
Fenix Rage,0
Crypt of the Necrodancer Original Danny Baranowsky Soundtrack,0
Zombie Driver HD Tropical Race Rage,0
My Pet Hotel,0
Fantasy Grounds - Savage Worlds Ruleset,0
Unwell Mel,0
F-777 Song Pack,0
Sonic and All-Stars Racing Transformed: Metal Sonic & Outrun DLC,0
The Stalin Subway,0
Back To Life 2,0
Omerta - The Japanese Incentive,0
Brink of Consciousness: Dorian Gray Syndrome Collector's Edition,0
Middle-earth™: Shadow of Mordor™,0
New York Bus Simulator,0
Freeze Tag Fun Pack #1,0
AutoTileSet,0
Enola,0
Albedo: Eyes from Outer Space,0
Farming Simulator 15,0
MotorSport Revolution,0
METAL SLUG X,0
Deep Under the Sky,0
The Vanishing of Ethan Carter,0
Ryse: Son of Rome,0
Styx: Master of Shadows,0
Riding Star,0
ArcheBlade™: All Access,0
Psichodelya,0
"Crazy Machines 2: Invaders From Space, 2nd Wave DLC",0
Extreme Roads USA,0
Curse: The Eye of Isis,0
Fantasy Grounds - Call of Cthulhu Ruleset,0
J.U.L.I.A.: Among the Stars,0
F1 2014,0
TinyKeep,0
