,123541
Valve,121205
Feral Interactive (Mac),63191
Infinity Ward,54492
Gearbox Software,54291
Firaxis Games,49169
Aspyr (Mac),48560
Bethesda Game Studios,48014
Spiral Game Studios,47755
Aspyr (Mac & Linux),45277
Facepunch Studios,45147
Feral Interactive (Linux),44933
"Monochrome, Inc",41597
"Aspyr (Mac, Linux)",41345
Bohemia Interactive,41081
Re-Logic,36628
Zachtronics,35448
Tripwire Interactive,34458
Obsidian Entertainment,34311
Coffee Stain Studios,34153
Digital Extremes,33483
Rebellion,31520
Relic Entertainment,31513
Volition,31215
Smartly Dressed Games,29089
Ubisoft Montreal,28355
Arrowhead Game Studios,28309
4A Games,27266
Avalanche Studios,27046
The Creative Assembly,27043
DICE,26817
Irrational Games,26569
Arkane Studios,26443
Klei Entertainment,26062
Techland,25587
Runic Games,25308
OVERKILL - a Starbreeze Studio.,25000
CD PROJEKT RED,25000
Rockstar North,24632
Rockstar Toronto,24230
Virtual Programming (Linux),24049
Defence Alliance Team,23417
BioWare,22958
Telltale Games,22933
Rocksteady Studios,22133
2K Australia,21772
Crystal Dynamics,21460
Frozenbyte,20958
Daybreak Game Company,20912
Subset Games,20256
Robot Entertainment,20188
Crytek Studios,20176
Treyarch,20035
Torn Banner Studios,19770
2K Marin,19719
2K Boston,19542
IO Interactive,19271
Edmund McMillen and Florian Himsl,19012
Croteam,18827
FromSoftware,18017
Supergiant Games,17793
Rockstar North / Toronto,17555
"Ubisoft Montreal, Massive Entertainment, and Ubisoft Shanghai",17523
Criterion Games,17316
Double Fine Productions,17176
EA Redwood Shores,17162
Hidden Path Entertainment,17004
Haemimont Games,16824
Ensemble Studios,16514
Vigil Games,16323
Unknown Worlds Entertainment,16267
2K China,16257
The Behemoth,16158
TaleWorlds Entertainment,15597
Remedy Entertainment,15293
Trendy Entertainment,15246
OVERKILL Software,15199
Frictional Games,14742
Gas Powered Games,14605
EA Los Angeles,14540
Paradox Development Studio,14497
id Software,14461
Crytek,14336
Freejam,14072
Team17 Digital Ltd,13926
Team Meat,13658
Electronic Arts,13556
Playdead,13515
Ronimo Games,13260
Stardock Entertainment,12958
United Front Games,12824
Dennaton Games,12777
Iron Lore Entertainment,12687
Sledgehammer Games,12679
Rockstar Games,12660
Day 1 Studios,12599
Gaijin Entertainment,12511
Skybox Labs,12472
Monolith,12368
Splash Damage,12253
Rockstar Studios,12226
Edge of Reality,11977
Terry Cavanagh,11840
Larian Studios,11788
Capcom,11706
Grinding Gear Games,11461
"Monolith Productions, Inc.",11443
Dylan Fitterer,11345
Deep Silver Volition,11310
Introversion Software,11309
5th Cell Media,11271
Fatshark,11139
Creative Assembly,11107
Reto-Moto,10849
Nordic Games,10833
Triumph Studios,10729
Bossa Studios,10708
Ion Storm,10708
2K Czech,10552
Rockstar Leeds,10499
Team Bondi,10499
Snowblind Studios,10435
GSC Game World,10291
Keen Software House,10157
Uber Entertainment,10092
Pocketwatch Games,10031
Pandemic Studios,10002
"Mine Loader Software Co., Ltd.",9988
Polytron Corporation,9904
Gaijin Games,9692
Jagex Limited,9678
Ubisoft,9639
Yager Development,9560
Undead Labs,9560
"PopCap Games, Inc.",9480
Piranha Bytes,9340
Squad,9265
LucasArts,9236
Cryptic Studios,9188
NeocoreGames,9177
Muse Games,9109
Cellar Door Games,9074
Looking Glass Studios,9072
The Chinese Room,9042
Galactic Cafe,8952
EA - Maxis,8916
Psyonix,8812
Blue Byte,8726
Almost Human Games,8607
Timegate,8549
"Trion Worlds, Inc.",8536
Number None,8533
Nicalis,8471
Humble Hearts LLC,8448
Relic,8447
3909,8442
"FromSoftware, Inc",8433
WB Games Montreal,8263
Outerlight Ltd.,8242
FireFly Studios,8219
Zombie Panic Team,8197
2D BOY,8061
Abbey Games,8056
AMPLITUDE Studios,8036
Red 5 Studios,7926
Cyanide Studios,7911
Ironclad Games,7879
"Tequila Works, S.L.",7849
Alexander Bruce,7746
800 North and Digital Ranch,7700
SQUARE ENIX,7650
Square Enix,7603
Stainless Games,7587
Big Huge Games,7577
Shining Rock Software LLC,7575
Eugen Systems,7464
"Epic Games, Inc.",7452
Amanita Design,7452
Reactor Zero,7394
Giant Army,7381
ACE Team,7380
NetherRealm Studios,7308
High Voltage Software,7308
SCS Software,7283
New World Interactive,7270
"Hopoo Games, LLC",7205
Robert Briscoe,7197
"Aspyr (Mac, Linux, & Windows Update)",7192
Positech Games,7189
11 bit studios,7175
Visceral Games,7126
Reloaded Games,7019
Paradox North,6928
Codemasters Studios,6922
Harebrained Schemes,6911
Greenheart Games,6880
Related Designs,6810
Kaos Studios,6784
Mode 7,6767
MinMax Games Ltd.,6759
Raven Software,6755
Studio Pixel,6737
Bithell Games,6707
Tomorrow Corporation,6681
SimBin,6664
Egosoft,6627
Zeboyd Games,6562
Size Five Games,6555
38 Studios,6535
DrinkBox Studios,6453
OP Productions LLC,6358
Ascaron,6287
Two Tribes,6258
Zombie Studios,6201
Bethesda Game Studios®,6188
No More Room in Hell Team,6131
"Gaslamp Games, Inc.",6107
Eidos Montreal,6105
Suspicious Developments,6104
Streum On Studio,6095
Superbrothers,6085
Capybara,6085
Jim Guthrie,6085
Freebird Games,6023
Reality Pump Studios,5961
City Interactive,5947
Ubisoft Montpellier,5929
Flying Wild Hog,5883
Traveller's Tales,5879
Lionhead Studios,5875
Endnight Games Ltd,5854
Ino-Co Plus,5847
"Olli Harjola, Otto Hantula, Tom Jubert, Carlo Castellano",5826
The Fun Pimps,5819
Daedalic Entertainment,5806
Sector3 Studios,5747
"MicroProse Software, Inc",5739
Free Lives,5718
Colossal Order Ltd.,5625
Final Form Games,5600
Phosphor Games Studio,5598
Vlambeer,5572
Darklight Games,5543
Sandstorm Productions,5543
RuneStorm,5505
Lazy 8 Studios,5490
Double Helix Games,5467
1C Company,5454
Starbreeze Studios AB,5448
Black Forest Games,5424
Beamdog,5406
Black Pants Studio,5393
Ubisoft Singapore,5390
Eidos-Montréal,5378
Blackhole,5371
Cold Beam Games,5340
Trion Worlds,5291
Blendo Games,5259
Red Barrels,5229
Wild Shadow Studios,5201
Kloonigames,5199
Maxis™,5176
Alientrap,5077
Puppygames,5024
Born Ready Games Ltd.,5004
Broken Rules,4982
Boss Baddie,4974
Devil's Details,4949
Reloaded Productions,4939
"Arcen Games, LLC",4937
Ubisoft  Shanghaï,4933
Might and Delight,4886
People Can Fly,4880
Jasper Byrne,4825
Synergy Team,4813
Wolfire Games,4780
Radical Entertainment,4760
Nival,4693
Alligator Pit,4674
inXile Entertainment,4664
Team Chivalry,4653
Cyanide,4645
Petroglyph,4629
Focus Home Interactive,4605
"Volition, Inc.",4563
Sos,4537
Insurgency Development Team,4500
Murudai,4487
Critical Studio,4470
Black Isle Studios,4430
Power of 2,4416
"Dejobaan Games, LLC",4405
Vanguard Games,4361
Funcom,4334
Ubisoft Toronto,4328
The Farm 51,4317
Interplay Inc.,4298
Southend,4297
Konstantin Koshutin,4291
Gazillion Entertainment,4278
Three Rings,4266
Hemisphere Games,4260
Rockstar New England,4231
Code}{atch,4224
Crackshell,4207
The Men Who Wear Many Hats,4196
Ninja Theory,4189
14° East,4121
Running With Scissors,4077
The Indie Stone,4076
EKO Software,3996
Sumo Digital,3961
Starbreeze,3919
Big Sandwich Games,3918
The Sims Studio,3916
4 Head Studios,3903
DotEmu,3901
Ratloop Asia,3898
Codemasters Action Studio,3889
Troika Games,3861
Octoshark Studios,3854
EasyGameStation,3850
Rainbow Studios,3829
Katauri Interactive,3817
Ed Key and David Kanaga,3801
Capcom Vancouver,3791
SuperVillain Studios,3766
Aspyr Studios,3763
Misfits Attic,3747
Kerberos Productions Inc.,3746
Ragequit Corporation,3734
Aleksey Abramenko,3724
Eyebrow Interactive,3722
Digitalmindsoft,3671
Sidhe,3659
Unigine Corp.,3637
"Edmund McMillen, Tyler Glaiel",3636
Machine Games,3634
Wizarbox,3631
Puny Human,3610
Spicy Horse Games,3581
Codemasters Racing,3569
Ndemic Creations,3565
Going Loud Studios,3564
Recoil Games,3548
Cipher Prime Studios,3456
Fistful of Frags Team,3404
Hothead Games,3393
Spellbound Studios,3386
Frontier,3375
Nihon Falcom,3363
Stainless Games Ltd,3352
Realmforge Studios,3336
SkyBox Labs,3330
Nadeo,3319
Strange Loop Games,3310
Threaks,3287
Bugbear Entertainment,3286
High Moon Studios,3277
Minority Media Inc.,3263
InterWave Studios,3261
Tribute Games Inc.,3251
Pyro Studios,3236
Codemasters Racing Studio,3210
3D Realms,3207
Pieces Interactive,3202
BlinkWorks Media,3195
Stoic,3188
Hardsuit Labs,3180
Kot in Action Creative Artel,3173
Headup Games,3170
The Fullbright Company,3165
GameConnect,3161
Signal Studios,3141
"Bit Blot, LLC",3140
Retro Affect,3100
KADOKAWA,3099
Hitbox Team,3087
Red Storm Entertainment,3084
Liquid Entertainment,3082
Nabi Studios,3063
Revolution Software Ltd,3060
PlatinumGames,3044
Best Way,3031
CCP,3021
Firaxis,3009
Mommy's Best Games,3003
Airtight Games,2980
increpare games,2968
Owlchemy Labs,2968
Ritual Entertainment,2964
Hello Games,2961
Shiro Games,2961
Cryptic Sea,2959
Altar Games,2940
Gray Matter Studios,2939
Spiderweb Software,2939
Anuman,2933
"Hassey Enterprises, Inc.",2929
Frogwares,2916
Teotl Studios,2906
Kyle Pulver,2897
Lab Zero Games,2881
22cans,2879
IllFonic,2864
Zen Studios,2854
SEGA,2842
Dark Energy Digital Ltd.,2841
"Masangsoft, Inc.",2827
Giants Software,2826
Digital Reality,2821
Swing Swing Submarine,2818
Team Psykskallar,2795
General Arcade,2773
Spark Unlimited,2766
"Xavi Canal, Ben Palgi",2765
Droqen,2755
"Turbine, Inc.",2749
Oddworld Inhabitants,2749
Robotronic Games,2736
DiezelPower,2727
Artifice Studio,2720
Quadro Delta,2705
Vitali Kirpu,2705
Smudged Cat Games Ltd,2633
Coreplay GmbH,2605
STUDIO RADI-8,2603
"CAPCOM Co., Ltd.",2587
NAMCO,2587
NGD Studios,2585
Core Design,2575
Dovetail Games,2535
TimeGate Studios,2534
Expansive Worlds,2515
Opus,2506
Secret Exit Ltd.,2505
Behold Studios,2496
exosyphen studios,2493
Old School Games,2488
Codemasters Birmingham,2478
Hanako Games,2475
Black Element,2469
Fishlabs Entertainment GmbH,2451
Krystian Majewski,2450
Microids,2443
Mind Over Matter Studios,2430
MercurySteam - Climax Studios,2428
Ascaron Entertainment ltd.,2427
Redlynx Ltd,2423
Hi-Rez Studios,2405
Subsoap,2385
@unepic_fran,2376
DnS Development,2373
BetaDwarf,2361
Eden Studios,2349
"CINEMAX, s.r.o.",2348
Infinite Interactive,2347
Days of Wonder,2346
Bigmoon Studios,2344
Straandlooper,2335
DONTNOD Entertainment,2331
Invent4 Entertainment,2320
Replay Studios,2315
1C: Maddox Games,2311
"Q-Games, Ltd.",2310
Star Gem Inc.,2283
Rebelmind,2278
Curve Studios,2277
Arkedo,2249
Piranha – Bytes,2246
Dreampainters,2238
Full Control Studios,2229
CodeBrush Games,2222
Empty Clip Studios,2217
"Creative Assembly, PC Port - Hardlight",2198
1C:InoCo,2198
Akella,2186
Digerati Distribution,2181
Serellan LLC,2175
SNK Playmore,2165
Joshua Neurnberger,2159
Pathea Games,2150
Xatrix Entertainment,2145
Kudosoft,2139
Creability,2135
Benjamin Rivers,2117
Nexon,2116
Steel Monkeys,2115
Rogue Entertainment,2113
Zero Point Software,2112
Blit Software,2103
1C-SoftClub,2095
Sauropod Studio,2090
Yeti Trunk,2086
BioWare Corporation,2077
Spiders,2072
Zero Sum Games,2058
Young Horses,2057
Sigma Team Inc.,2038
X-Legend,2038
YoYo Games Ltd.,2036
Silver Dollar Games,2032
Team17 Software Ltd.,2024
Demiurge Studios,2020
Rune Forge,2004
"Vblank Entertainment, Inc.",1992
Ty Taylor and Mario Castañeda,1982
Noble Empire Corp.,1978
Beatnik Games,1969
Futuremark,1966
Modern Dream,1945
Subatomic Studios LLC,1944
David Williamson,1942
Ubisoft Paris,1941
Silent Dreams,1936
Big Robot Ltd,1935
Ludosity,1932
Transhuman Design,1928
Eidos Interactive,1920
Snowbird Games,1919
Strategy First,1910
Ironhide Game Studio,1907
Nicklas Nygren,1904
Nemesys Games,1903
Mindware Studios,1899
Handyman Studios,1893
CSR-Studios,1881
Lukewarm Media,1879
Iridium Studios,1878
3 Sprockets,1873
CyberConnect 2,1872
Interceptor Entertainment,1871
Topware Interactive,1852
Rockstar San Diego,1840
.dat,1839
Slightly Mad Studios,1827
"FIX Korea, Co.LTD",1825
"FIX Games, Co. LTD",1825
DoubleDutch Games,1808
Nimbly Games,1805
Hitcents,1802
Krome Studios,1792
Minor Key Games,1787
PopTop Software,1786
Sean HTCH and Joni Kittaka,1786
Frog City Software,1786
BreakAway Games,1786
Smoking WOLF,1757
Toxic Games,1755
Spooky Squid Games Inc.,1726
Ubisoft - San Francisco,1725
Test3 Projects,1722
Elixir Studios,1715
Targem Games,1710
Most Wanted Entertainment,1710
Michael Todd Games,1695
Paul Fisch,1691
Image&Form,1686
Epiphany Games,1685
Edelweiss,1681
Games Farm,1679
Colin Northway with art by Thomas Shahan,1671
Dancing Dragon Games,1669
343 Industries,1668
EXOR Studios,1661
NIGORO,1660
ClockStone,1655
Tiger Style,1644
XYLA Entertainment,1637
WayForward,1632
Kerberos Productions,1627
Stridemann,1626
Toylogic inc.,1621
Data Realms,1619
Badland Studio,1618
"Level Up Labs, LLC",1618
Headup Games / Crenetic,1607
Idea Factory,1604
Capybara Games,1595
Tale of Tales,1582
Gaming Minds Studios,1580
17-BIT,1580
RosePortal Games,1572
Brawsome,1570
Dmytry Lavrov,1569
Gaming Minds,1566
Mighty Rabbit Studios,1565
3Division,1562
Spearhead Games,1558
Fabio Ferrara,1551
N3V Games,1549
Dark Water Studios Ltd,1541
Messhof,1528
ISOTX,1527
Visual Concepts,1522
Phenomic,1511
TT Games,1510
State of Play Games,1504
UBIart Montpellier,1502
Ubisoft Reflections,1498
Massive Entertainment,1497
KING Art,1479
Ben Garney,1478
Eric Hartman,1478
Anthony Rotondo,1478
Masthead Studios Ltd,1454
Vertigo Gaming Inc.,1453
Oovee® Game Studios,1452
Extend Studio,1451
Spaces of Play,1451
Fakt Software,1445
Cobra Mobile,1441
Tribe Studios,1439
Smashball Labs LLC,1438
Bugbear,1438
Eggtooth Team,1424
Actoz Soft,1420
RavenSoft / id Software,1412
The Odd Gentlemen,1409
Sick Puppies,1406
ClockStone Studios,1402
Playbrains,1399
Lo-Fi Games,1394
Carbon Games,1384
Crescent Moon Games,1379
Logic Artists,1378
Homegrown Games,1371
SmashGames,1363
"Reverie World Studios, INC",1353
Shiver Games,1353
ES Team,1346
Rake in Grass,1339
Spellbound,1333
Wadjet Eye Games,1331
Tindalos Interactive,1329
StarWraith 3D Games LLC,1325
Digital Eel,1321
U.S. Army,1319
PopTop,1315
Katauri,1313
Double Eleven,1305
Q-Games. Ltd,1305
Bizarre Creations,1300
Halycon Media GmbH & Co. KG,1298
Zeal Game Studio,1294
Actalogic,1292
M2H,1280
Blackmill Games,1280
Nitro Games,1277
Geoff Keighley,1271
EA Black Box,1270
"CAPCOM CO., LTD.",1268
Gaijin Entertainment Corporation,1265
Lesta Studio,1265
Shadow Planet Productions,1263
Alan Edwardes,1259
Ex Nihilo,1258
Cadenza Interactive,1257
Nom Nom Games,1257
Krillbite Studio,1256
Stickmen Studios,1253
Exor Studios,1250
EightyEightGames,1249
Gun.,1243
Blind Mind Studios,1243
YouNeedABudget.com,1243
DPad Studios,1238
Trine Studios,1237
Mad Vulture Games,1237
G3 Community Patch Team,1237
Army Game Studio,1230
Virtual Heroes,1230
Zoë Mode,1220
MumboJumbo,1214
Petit Depotto,1213
Wales Interactive,1204
ASTRO PORT,1203
Hermitworks Entertainment,1202
Archive Entertainment,1197
Clockstone,1192
Headfirst Productions,1191
SimBin Studios AB,1188
Blue Isle Studios,1187
Team 6 Studios,1185
Flippfly LLC,1182
Little Green Men Games,1173
Jussi Kukkonen,1168
Elias Viglione,1168
"Gravity, Inc.",1164
Exato Games Studio,1153
LudoCraft Ltd.,1143
IonFx,1142
RED DUCK Inc.,1138
Mystic Box,1137
"Iron Galaxy Studios, LLC",1135
PlayWay S.A.,1131
Cherry Pop Games,1130
Serious Brew,1129
United Independent Entertainment GmbH,1127
"Capcom U.S.A., Inc.",1125
Zeroscale,1123
Nomad Games,1113
Lunar Giant,1106
Arachnid Games,1097
Headup Games / Radon Labs,1083
Neko Entertainment,1075
Crystal Shard,1072
Elephant Games,1070
KOG,1066
Artery Games,1056
sparsevector,1055
Elite Games Team,1051
Troxit Service,1046
Crate Entertainment,1044
Cyanide Montreal,1042
Awesome Games Studio,1039
Ubisoft Montréal,1037
Manic Game Studios,1033
Kunos Simulazioni,1031
"KOEI TECMO GAMES CO., LTD.",1031
Shovsoft,1029
doublesix,1027
Ice-pick Lodge,1023
Mercenary Technologies,1022
Qooc Software,1018
Mediatonic,1014
CI Games,1011
Blue Bottle Games,1010
Eidos Studio Hungary,1007
Ian Campbell,1004
Yacht Club Games,1002
Cube Roots,1000
Colibri Games,999
White Birds Productions,998
2DEngine.com,991
IonFX,991
Lucky Frame,989
Malfador Machinations,982
Crackpot Entertainment,980
Studio Evil,975
Med-Art,974
Anuman / Microids,970
Tomoaki Sugeno,967
Zenith Blue,964
Terminal Reality,963
The Quinnspiracy,962
Isaac Schankler,962
Patrick Lindsey,962
Red Redemption,962
3f Interactive,959
BattleGoat Studios,951
Ivy Games,949
Gravity Interactive,949
Sebastien Bini,947
Goldhawk Interactive,946
Eagle Dynamics,942
Lizsoft,942
"Vectorpark, Inc.",942
Abstraction Games,939
Radial Games Corp,938
SpinTop Games,935
Priority Interrupt,931
Love in Space,922
Lightmare Studios,921
9heads Game Studios,920
Ubisoft Romania,912
b-Alive,911
Scott Cawthon,909
Megadev,895
Reality Pump,893
Red Dot Games,892
Dekovir Entertainment,892
Firemint,888
Unicorn Games Studio,884
FarSight Studios,879
Dialogue Design,877
Wolfire,874
Allgraf,870
"WXP Games, LLC",868
Chaos Concept,866
Eyedentity Games Inc.,863
Wild Games Studio,862
Sakari Indie,858
Shiny Entertainment,856
Ludochip,856
Redlynx,854
DR Studios,852
Sir-Tech,850
Meridian4,848
Octane Games,848
Darkling Room,847
Rage Software,846
RTL interactive,845
Ankama,845
Games Foundry,842
Wormwood Studios,841
Twisted Pixel Games,840
JoWooD Vienna,839
QCF Design,839
Berserk Games,836
Zootfly,836
Crazy Viking Studios,836
Beenox,835
Love Conquers All Games,833
Dark Gaia Studios,831
Source Studio Ltd.,830
Cauldron,830
Haggard Games,829
GamePrix,829
VStep,829
Tragnarion Studios,826
Cyanide Studio - Spiders Studios,825
Arc System Works,824
Deck 13,824
SkyGoblin,822
Wargaming.net,819
Ignatus Zuk and Gonzalo Villagomez,817
Blackpowder Games,811
Mousechief,810
NEXON Korea Corp.,809
Cardboard Computer,808
Cosmic Cow LLC,807
Game Distillery s.r.o.,805
Koboldgames,804
The Story Mechanics,803
Brian Cronin,802
Remedy Entertainment Ltd.,797
Cornfox & Brothers Ltd.,797
Mountain Sheep Inc.,797
AWAR,796
X1 Software,796
Cloud 9 Studio,795
Storybird,795
Carlsen Games,794
Snowed In Studios,794
Soldak Entertainment,793
Cyan Worlds,793
Doctor Entertainment,785
Rising Star Games,782
Freegamer,780
Martin Ivanov,779
Capcom Game Studio Vancouver,777
Sir-Tech Canada,776
2x2 Games,776
Stone Blade Entertainment,774
ASK Homework,774
Slant Six Games,773
Cateia Games,771
Robomodo,766
Basilisk Games,766
Seaven Studio,763
Empires,762
Triple.B.Titles,761
Bootsnake Games,760
kunst-stoff GmbH,760
"Tilted Mill Entertainment, Inc.",759
Doctor Entertainment AB,758
Dead Mage,755
Team Reptile,754
Stegersaurus Software Inc.,752
Cyberdreams,749
Scientifically Proven,746
Crankshaft Games,744
"Vicious Cycle Software, Inc.",743
Endless Loop Studios,742
Illwinter Game Design,740
Tate Multimedia,738
Worthless Bums,735
Ganz,734
Crazy Moo Games,732
Saber Interactive,730
NQ Games,730
Tennen-sozai,729
Ackk Studios,729
DarkGod,727
Subterranean Games,722
Scirra,721
Locked Door Puzzle,718
I-Illusions,718
Wyrmbyte,718
Cyberlore,717
Online Warmongers Group Inc.,715
Renegade Kid,712
Passtech Games,712
Flat Software,710
Streko Graphics,710
Talawa Games,706
Stunlock Studios,706
Bernt Andreas Eide,705
Pendulo Studios,701
Human Head Studios,701
Artifex Mundi,699
Orange_Juice,699
Platine Dispositif,698
Evolutionary Games,697
Bedlam Games,696
Vogster Entertainment,695
Iron Galaxy Studios,693
Ino-Co,693
Necrophone Games,691
Fire Hose Games,691
The Binary Mill,690
Nifflas' Games,688
TT Fusion,688
Fuel Entertainment,687
Flyleap Studios Pty. Ltd.,683
Joakim Sandberg,681
Over the Top Games,679
SoftLab-NSK,674
X-Bow Software,668
TURBO TAPE GAMES,666
Secret Base,663
Digital Arrow,658
Digital Reality Software & Playbox,652
YeaBoing,652
Phr00t's Software,643
Noumenon Games,641
The Tiniest Shark,641
NeoCoreGames,637
Elemental Games,636
"Frogdice, Inc",636
SNK Games,636
"Bit Planet Games, LLC",636
Dragonfly,635
Over The Moon,635
Chasing Carrots,634
Cakewalk,630
Thomas Bowker,629
Brace Yourself Games,626
Muzzy Lane,625
Radon Labs,623
"RedLynx, in collaboration with  Ubisoft Shanghai, Ubisoft Kiev",622
Kheops Studio,621
Milkstone Studios,621
Blue Omega Entertainment,620
Full Control / WIT Entertainment,616
Squid In A Box Ltd,615
Harvester Games,609
Sakari Indie & GriN,608
Chronic Logic,608
FreakZone Games,607
MercurySteam,607
Press Play,603
Winter Wolves,600
Mithis Games,600
Slak Games,598
Oxeye Game Studio,598
KTX Software,598
Elijah Newman-Gomez,596
Senscape,590
Lonely Troops,589
Pivotal Games,587
Frogames,587
Coilworks,587
TreeFortress Games,586
Agharta Studio,584
Trilobyte Games,584
I-deal Games,583
Cockroach Inc.,582
24 Caret Games,581
Digital Tentacle,578
Perfect World Entertainment,578
Adam Foster,576
Blue Fang,576
Black Sea Studios Ltd,575
Cyanide Studio,575
Vagabond Dog,575
Dischan Media,574
The Bitmap Brothers,573
Black Jacket Studios,568
Moonpod,566
Matthew Brown,563
Kiz Studios,559
ShadowShifters,558
Stage 2 Studios,557
Buka Entertainment,557
Ubisoft Sofia,557
773,553
Binary Takeover,552
Eden Industries,551
Three Gates,550
Ironward,550
Curve Digital,550
FuturLab,550
ExDream GmbH,548
XLGAMES,544
David OReilly,538
BUGBEAR,537
XII Games,534
Jason Rohrer,534
Acclaim Studios Teeside,533
2DArray,532
BeautiFun Games,532
Enigma SP,531
Totem Games,530
BlueGiant Interactive,525
Imba Entertainment,524
Xaviant,524
TORaIKI,523
Sky Fallen,521
Radioactive Software,521
1C-Avalon,519
Mad Otter Games,519
Xtal Sword,519
Compulsion Games,519
Eutechnyx,516
Microblast Games,515
Crocodile Entertainment,515
Mechanist Games,514
ProjectorGames,511
Spry Fox LLC,511
Eclipse Games,511
Spicyhorse Games,509
Makivision Games,506
Trapdoor Inc.,506
Impromptu Games,506
Knuckle Cracker,500
Spidermonk Entertainment,498
Aldorlea Games,498
Zaxis Games,497
HyperSloth,497
Sonalysts,497
B-evil,497
PomPom,495
Oryx Design Lab,494
Rocket Bear Games,492
RC Knight,492
GameORE,489
Erik Svedäng,488
Forever Entertainment S. A.,486
Perfect World Shanghai,483
Treasure,483
South East Games,482
Centauri Production,481
Big Fat Alien,479
Brandon Brizzi,478
Jesse Gallagher,475
Phoenix Online Studios,473
Michael Brough,473
Deepred,472
Decaying Logic,471
Simon Roth,470
Screwfly Studios,467
Burut CT,467
Totem games,467
Wastelands Interactive,464
stage-nana,464
Trashmasters,463
UIG,462
EVGA,462
Zaratustra Productions,461
Shorebound Studios,461
MagicalTimeBean,461
Digital Leisure Inc.,458
4A GAMES,458
Honeyslug,456
Monte Cristo,455
Queasy Games,455
Axis Game Factory LLC,451
Yakiniku Banzai,451
New Star Games Ltd,450
Failbetter Games,450
Aperture Tag Team,449
b-alive gmbh,448
Culture Attack Studio,448
Tyler Doak,448
R C Knight,447
777 Studios,446
Turtle Cream,444
Anne Mönkkönen,444
Ville Mönkkönen,444
Milestone S.r.l.,443
OVERDRIVE,439
Enlight Software Limited,437
Llamasoft LTD,437
Stout Games,435
KADOKAWA GAMES / GRASSHOPPER MANUFACTURE,429
Giants Software,428
Matt Roszak,425
Gl33k,424
Onson Soft,421
Cuve Games,419
Chris Sawyer Productions,418
Camel101 LLC,415
Pawe? Mogi?a,414
Net Games Laboratory,413
Codemasters - Birmingham Studio,413
KranX Productions,412
Tamugaia,411
Saibot Studios,411
Semaphore,411
BumpkinBrothers,410
nFusion Interactive,410
Gremlin Interactive,409
KinifiGames LLC,408
Aterdux Entertainment,407
Pantera Entertainment,407
Binary Fortress Software,406
Games Faction,403
DigitalDNA Games LLC,403
WildTangent,402
Idol FX,401
Deep Red Limited,399
Okugi Studio,399
Browny Application,399
Sweet Dog Studios,398
Born Ready Games,397
Chaosoft Games,396
Black Market Games,395
BL-Logic,394
Zenimax Online Studios,392
InsGames,389
"Ntreev Soft Co., Ltd.",388
Naked Sky Entertainment,388
Icehole Games,387
Winged Cloud,386
GFI Russia,380
Ranmantaru Games,378
NDoors,378
Kihon Inc.,377
Ntronium Games,376
Waterlily Games,376
Firebrand Games,376
Hip Games,373
Rocket Jump,372
Alexey Bokulev,371
Rovio Entertainment Ltd,371
Nitro Games,369
Terrible Posture Games,369
Rail Slave Games,368
Hörberg Productions,366
Infogames Europe SA,364
Angry Mob Games,364
Mad Orange,364
Deconstructeam,361
Rain Games,361
Ideas Pad,359
attic Entertainment Software GmbH,358
Hashbang Games,358
4Head Studios,357
inner seas,357
Mouldy Toof Studios,356
Andrew Morrish,355
Geeta Games,355
Teyon,354
Trickstar Games,353
KDV Games,353
Neversoft,351
DigiFX Interactive,351
Fred Wood,350
Noumena Studios,350
Schell Games,349
Enter Skies,349
Dedication Games,347
Ankama Studio,347
Gamerizon,345
Alastair John Jack,345
Toontraxx Studios,344
Longbow Games,343
Geniaware Srl,341
React Games,341
"Sperasoft, Inc.",340
Sourena Game Studio,340
Code Force,340
exDream,337
Destrax Games,336
Sherman3D,336
Point Five Projects,335
Yazar Media Group LLC,334
Team2Bit,334
Last Dimension,334
JoyMasher,333
Citeremis Inc.,333
Matt Thorson,332
Exkee,332
GrendelGames,332
The Working Parts,332
KillHouse Games,332
En Masse Entertainment,331
Keen Games,331
Frozen Yak Entertainment,331
Yingpei Games,331
DoubleBear Productions,330
Apeiron,330
Metamorf,329
"Jackbox Games, Inc.",328
Stygian Software,328
WizarBox,327
SEGA Studios Australia,325
8th Floor Games,325
Interdimensional Games Inc,323
Andrii Vintsevych,322
Firedance Games,322
Eric Provan - Ayyo Games,321
I Sioux Game Productions B.V.,320
Tomkorp Computer Solutions Inc.,320
Fragment Production Ltd,319
"Amaranth Games, LLC",318
Appmania/i-Free,316
Emily Carroll,314
Utopian World of Sandwiches,314
Damian Sommer,314
SaintXi,314
PomPom Games,314
Deadbreed AB,314
Studio Bean,313
Relentless Software,312
GRAOUMF,311
Modulaatio Games,310
Dead Shark Triplepunch,310
Team Jolly Roger,308
Poppermost Productions,308
White Giant RPG Studios,307
RichMakeGame,307
Nocturnal works,307
North of Earth,306
Denis Galanin (mif2000),306
Chainsawesome Games,301
2Play,300
NovaLogic,300
"Engient, Inc",299
"BitMonster, Inc.",298
"CyberConnect2 Co., Ltd.",298
Quantized Bit,296
Entheogen Studios LLC,296
Gamepires,295
Glass Knuckle Games,295
Silden,294
MoaCube,294
Doublesix Games,294
K-D Lab,294
Nerd Kingdom Inc.,293
Windybeard,293
Space Budgie,292
L3O Interactive,289
Playrix Entertainment,288
Kukouri,288
Phoenix Game Studio,287
Ageod,287
Artematica Entertainment,286
Dust Devil Studios Inc.,286
Holotech Studios,286
Virtual Playground,286
Vae Victis Games,285
AwesomeBlade,285
Zoink Games,284
Pixelante Game Studios,284
Linked Dimensions,284
Games Distillery s.r.o.,283
Mando productions,283
JForce Games,282
Night Node,282
Sinclair Strange,282
Q Entertainment Inc.,281
BeamNG,279
Kuno Interactive,279
Lion's Shade,278
Armature Studio,278
Nikita,278
Black Lion Studios,277
Flump Studios,275
Fishcow Studio,275
Acid Wizard Studio,275
Iocaine Studios,274
SkyRiver Studios,273
Filament Games,273
Gamebell Studio,272
Muzzy Lane Software,272
Nemoria Entertainment,271
Hippomancer,270
Gamebryo,270
8888888 LABS,268
Psychic Software,267
Three Donkeys LLC,266
Apus Software,266
Epixx.org,265
Steve Jarman,263
Defrost Games,261
David Amador,261
Vivid Games,261
Dumb and Fat Games,261
Other Ocean Interactive,260
XeniosVision,260
Dark Artz Entertainment,260
Spotkin,258
app2fun,257
Tricktale,257
Artplant,256
Mark Healey,256
Rob Howland,255
Farsky Interactive,255
Big Head Games,254
Elecorn,253
The Collective,253
Wild Factor,251
WizarBox Production,251
Brainbox Games,251
Artnumeris,249
Arctic Anteater,249
Crystal Empire Games,246
Humongous Entertainment,246
Defiant Development,245
Jarhead Games,242
Cyan,242
TawStudio Entertainment,242
Animation Arts,242
New Star Games,241
White Paper Games,241
Panzer Gaming Studios,240
Sandswept Studios,239
"Enlight Software Limited, PerspectX",239
Bacon Wrapped Games,238
DTP,235
Stage Clear Studios,235
GhostShark,235
Organic Humans,233
CCG,233
KING Art Games,231
Curious Panda Games,231
FUN Creators,229
bitComposer Games,228
StarQuail Games,228
ALTAR Interactive,228
Diffusional Arts,227
PLAY,227
Stolen Couch Games,227
Mascot Entertainment,226
Asobo Studio,226
Golgoth Studio,226
Degica,222
Doppler Interactive,222
Avidly Wild Games,221
LeGrudge & Rugged,220
XGen Studios,220
Altar Interactive,219
Aardman Animations,219
Grip Games,218
Icetesy SPRL,218
Jet Set Games,216
Dagger Games,216
Santa Ragione,212
Micro Factory Games,212
WhiteMoon Dreams,209
Whole Hog Games,208
Deadline Games,206
Hammer Labs,206
Codeglue,206
Sparpweed,206
Elder Games,204
Parseh Game Studio,203
"Bat Country Games, LLC",203
Artech Studios,201
Certain Affinity™,201
Jason Oda,201
Spicy Horse,201
Magnetic Realms,201
Upper Byte Studio,199
][ Games Inc,199
Memetic Games,198
Stormregion,198
Hexage,197
Behaviour,196
Kylotonn Entertainment,196
Sanzaru Games,196
Faravid Interactive,195
10tons Ltd,195
Red Meat Games,195
Game-Labs,195
souvenir circ.,194
Hydravision Entertainment,194
2DEngine,194
Genee Network,194
Handsome Games,194
Climax Studios,192
Sumom Games,191
SeeThrough Studios,191
Burian Media Enterprises,191
bitSmith Games,190
Witan Game Production House,190
Darkworks,190
Stirfire Studios,189
The Lordz Games Studio,188
Auroch Digital,188
Simogo,188
Deck13,187
VipaGames,186
PolyPusher Studios,186
Lost Decade Games,186
Endlessfluff Games,185
GolemLabs,183
Silver Wish Games,183
Internal Games,183
VIS Interactive,182
Dark Castle Software,182
Psydra Games LLC,181
Momentum Digital Media Technologies,181
DVS,180
Plastic Reality Technologies,180
Smolders,180
Bedtime Digital Games,180
Bleank,179
"BadFly Interactive, a.s.",179
bignic - Dolphin Barn,178
Anthony Case,178
Tlön Studios,178
"MindBlocks Studio, LLC",177
Orthogonal Games,177
Proxy Studios,177
Haruneko Entertainment,176
Gabriel Entertainment,174
Tony Porter,174
Scott Thunelius,174
Proper Games,173
Ivory Tower in collaboration with Ubisoft Reflections,173
Phenomenon Games,173
Frima Studio,173
Neutron Games,171
Solest Games,171
Phobic Studios,170
Silk Games,170
Paul Marrable,169
Peter Brinson and Kurosh ValaNejad,169
Dinosaur Polo Club,168
ToonTRAXX Studios,168
Dan Walters,167
Frima,166
30.06 Studios Ltd,165
Volition Inc,165
N A GA Entertainment,164
Switchblade Monkeys Entertainment,162
Heydeck Games,162
Gone North Games,162
4sdk,160
Colossal Games,159
Deadline Games,159
5 Ants,159
BigAnt Studios,159
Night Light Interactive,158
ZoopTEK,158
RVL Games,158
Hazardous Software Inc.,157
Playstos Entertainment,157
Waz,157
Noviy Disk,156
Lesta Studios Inc,156
Babylon,155
Owl Cave,155
Spiky Caterpillar,155
Merscom,155
Flashback Games,154
Phosfiend Systems,154
OPQAM,153
Pavel Bulatov,153
Bongfish GmbH,153
Anthony Septim,152
Andre Chagas Silva,152
Ionising Software,152
initials,152
Sakura River Interactive,150
Finn Morgan,149
Alawar Entertainment,149
Boneloaf,148
4gency,148
Arkavi Studios,147
Jellyvision,147
Jujubee S.A.,147
Minicore Studios,147
Iron Tower Studio,146
Choice of Games,146
Mighty Rocket Studio,146
Icarus Games,145
Her Interactive,145
TrueThought,144
Unfinished Pixel,144
XIAOYAO,143
BetaSparkUK,143
Paul Schneider,143
Four Circle Interactive,142
Iteration 11,141
Powerhoof,141
Erik Asmussen,141
Toco Games,141
Strike Games,140
Evilized Productions,140
Alan Zucconi,140
FAKT Software Gmbh,140
Studio Fizbin,139
GameCask,139
Yullaby,139
ovos,139
Technetium Games,139
Parallax Arts Studio,139
Biart,138
8monkey Labs,138
Planet Moon Studios,137
Ironsun Studios,136
Xiotex Studios,135
Nevercenter Ltd. Co.,135
"International Games System, Co., LTD.",134
Supermassive Games,134
SFB Games,133
Mixamo,133
Peoleo Entertainment,133
Trese Brothers,132
Ren? Petrulien?,131
Adventure Productions,131
10th Art Studio,131
Antanas Marcelionis,131
Excalibur,130
Excalibur Publishing,130
Joshyy,129
System Prisma,129
Last Day of Work,129
DarkElite,128
Digital Happiness,128
Roll7,127
Flow Combine,127
Breakfall,127
Pwnee Studios,126
SITER SKAIN,126
Mindstorm Studios,124
SkyFallen Entertainment,124
Jigxor,124
SuckerFree Games,123
Microïds,123
Lucas Pope and Keiko Ishizaka,123
Dreamworlds,123
Key17 Games,122
Synetic,122
Linden Lab,122
BlackMoon Design,121
Big Finish Games,121
Cliffhanger Productions,121
Appmania,121
Niels Bauer Games,120
Coatsink,118
Inventive Dingo,118
Alawar,117
Red Wasp Design Ltd,117
HB Studios,115
Ubisoft Blue Byte Studio,115
United Soft Media,114
Eden Games,114
Eko Software,114
SPLine,113
Avatar Creations,113
Rubicon Development,112
"Ubisoft Montreal, Red Storm, Shanghai, Toronto, Kiev",112
Madlab Software,112
Lightmare Studio,111
Skatanic Studios,111
iPi Soft,110
Himalaya Studios,110
QUICKTEQUILA,109
Krealit,108
Sandlot Games,107
TikGames,107
"Retro64, Inc.",107
Alfred Lam,107
PlayFirst,107
Terri Vellmann,106
Aspyr,106
Dirigo Games,106
Teknopants,104
candyrocketstudio,104
Orion,103
Spicy Tails,103
Destrax,103
Saturn-plus,103
Gabor,102
Dugan,102
Electric Cafe,102
BlackMark Studio,102
Urban Games,101
Strawdog Studios Ltd,101
Wolverine Studios,100
Remar Games,100
sppa4apps,100
grapefrukt games,99
REMIMORY,98
Creat Studio,97
Holy Warp,97
Popcannibal,97
Black Wing Foundation,97
Giant Box Games,97
Keybol,97
GTGD,96
Spiders Studio,95
Irresponsible Games,95
DQ Team,95
Witan Entertainment,95
Stephane Valverde,95
Leslie Valverde,95
Hyper Hippo Games,94
Hapa Games,94
TickTock Games,94
Full Control,93
Sarah Northway,93
InnoGlow,93
"Play, Silden",93
GlyphX Games,93
studio4,93
Northway Games,93
Dr. Kimberly Voll,92
Lindsay Jorgensen,92
Loren Bednar,92
"Nicalis, Inc.",92
Computerhouse,92
Ambient Design Ltd.,92
"Escape Hatch Entertainment, LLC",92
New Reality Games,91
Copenhagen Game Collective,91
Brightside Games,91
Gogii Games,90
Touz,90
Kokakiki,90
Eurocom,90
Tortuga Team,88
Tap It Games,88
Sunlight Games,88
Studio4,87
Infinite Monkeys Entertainment Ltd.,87
"Fantasy Flight Publishing, Inc.",86
Vigilant Addiction Studios,85
Glacicle,85
Hypercane Studios,85
Boolat Games,85
The Great War 1918 Development Team,85
Overhaul Games,85
Electronic Paradise,85
Project Whitecard Studios Inc.,84
PIXOWL INC.,84
Ticonblu,84
SpikySnail,84
Rogue Earth LLC,84
Hearthfire Studios,84
Vector Unit,84
Robotality,83
Brain Candy,83
Laminar Research,83
Crunching Koalas,83
Anuman Interactive,82
TML Studios,82
Origin8,81
Volition Inc.,81
Lemondo Entertainment,81
Spectral Games,81
Elliptic Games,81
Limasse Five,79
4Flash Interactive,79
ONE MORE LEVEL,79
INTERMARUM,79
Morgopolis Studios,78
ShaunJS,78
MR-Software GbR,77
Eversim,77
Rsupport Inc.,76
GRIP Digital s.r.o.,76
Slitherine Ltd.,75
Magic Wand,75
ioneo,75
Trinoteam,74
SomaSim,73
GalaxyTrail,73
Aartform Games,73
Incinerator Studios,72
Winged Pixel Inc.,72
Apparition Games,72
Nine Dots Studio,72
IPACS,71
Atomix Productions,71
YOTSUBANE,70
Enitvare,70
Magiko Gaming,70
Adventure Planning Service,70
Spiral House,70
Witch Beam,70
Virtuos,69
Luka Nieto,69
Atapki,69
Carlos Coronado,69
Codemasters Digital,69
Brilliant Skies Ltd.,69
Dani Navarro,69
Koalabs Studio,68
Wanako Games,68
Black Cactus,68
Evil Twin Artworks,68
Refactored Games OÜ,68
Legend Studio,67
shaun Williams,67
Supersonic Software,67
Doragon Entertainment,67
Juicy Beast Studio,66
ImagineEngline,65
Last Limb LLC,64
BlueLine Games,64
Unknown Worlds,64
Total Eclipse,63
Zemnott,63
Red Rocket Games,63
Quantic Dream,63
Creat Studios Inc,63
Arberth Studios,63
Clickteam,62
Bane Games,61
Kitfox Games,61
Section Studios,60
Celsius Game Studios,60
Will O'Neill,60
Somi,59
QUByte Interactive,58
Graviteam,58
Luc Bernard,58
SilverSphereStudios,58
Master Technologies,58
Dancing Dots,58
Kritzelkratz 3000,57
Fireproof Games,57
JoWooD,57
Hato Moa,56
I Fight Bears,56
Treexy,56
Adventurepro Games LLC,56
Kinelco & Lone Elk Creative,56
Wicked Loot,55
Komar Games,55
Nick Donnelly,55
iWin,55
Two Desperados,55
"Big Splash Games, LLC",55
Gravvit Ltd,54
Creoteam,54
Ubisoft Bulgaria,54
d3t,54
Forbes  Consult Ltd,54
Siege Games,54
Toge Productions,54
Hip Soft,53
Final Boss Entertainment,53
3000AD,53
Brain Slap Studio,53
KatGames,53
Myrtilus Entertainment,53
ComiPo! LLP,53
blurredVision,53
Liminal Games,52
Numantian Games,52
Byterockers' Games GmbH & Co. KG,52
gnifrebel Games UG,52
Laughing Jackal LTD,51
Fun Labs,51
IDHAS Studios,50
Yuisy,50
Monolith Productions,50
Vivid Games S.A.,50
Artem Kotov,50
Commotion Games Pty Ltd,50
Gentleman Squid Studio,49
Nerdook Productions,49
Zeptolab UK Limited,49
Aliasworlds Entertainment,49
BrainDistrict,48
Damaged,48
Gogii,48
LGK Games,48
Indomitus Games,48
Pyrodactyl,48
Liquid Flower,47
Desert Owl Games LLC,47
Casual Brothers,47
Peter Moorhead,47
Codebrush Games,46
HyperKat Games,46
Digital Fusion,45
Bombdog Studios,45
Total Eclipse P.C.,45
Sarbakan,45
Niffler Ltd.,45
Flox Studios Ltd.,45
Visual Entertainment And Technologies,45
Sproing,44
Olde Sk�ül,44
The Game Kitchen,44
Iron Bit,44
Sculptured Software,44
Tavern Games,44
Slam Dunk Studios,43
Thinking Studios,43
Big Fish Games,43
Screwy Lightbulb,42
NAMCO BANDAI Games,42
Access Software,42
Master Creating,41
YorkshireRifles,41
TML-Studios,41
March Entertainment,41
bumblebee.,41
Oasis Games,40
Zojoi,40
Cranberry Production,40
Bloober Team SA,40
Samurai Punk,40
Eipix,40
"SmiteWorks USA, LLC",39
"Dream Forge Entertainment, LLC",39
Killspace Entertainment,39
Absolutist Ltd.,39
Schulenburg Software,39
Alan Hazelden,38
Interabang Entertainment,38
48h Studio,38
Paleo Entertainment,38
Harry Lee,38
Nerd Monkeys®,38
Dietrich Squinkifer,37
FrameLineNetwork Kft.,37
MiniBoss,37
Graveck,37
Big Fish Studios,37
ALLPlayer Group Ltd.,36
Retro Army Limited,36
Celestial Games,36
Meteoric Games,36
Loren Lemcke,36
Ian Snyder,35
Subvert Games,35
Deadly Red Cube,35
VIS - Visual Imagination Software,35
Screaming Bee,35
Rampant Games,35
Factus Games,35
Bitbox Ltd.,35
Dreamatrix,34
Polynetix Studio,33
Interbellum team,33
Virtual Prophecy Entertainment,33
BANDAI NAMCO Studio Inc.,33
Super Duper Garrett Cooper,33
ShortRound Games,33
Pilgway,33
Songquito UG,33
Scorpius Games,32
Vexel Games,32
PD Design Studio,32
Independent Programmist Group,32
Awem Studio,31
Leadwerks Software,31
Sabi Games,31
Voxler Games,31
Nowhere Studios,31
SMG Studio,31
tequibo,31
Mario von Rickenbach,30
ViWo Games,30
Étienne Périn,30
Big Ant Studios,30
Lantana Games,30
Playables,30
Aartform,30
Ice Water Games,29
Funkitron,29
The Software Farm,29
Firebase Industries Ltd.,29
Sierra Entertainment,29
Biart Company LLC,29
Psychotic Psoftware,29
UIG International GmbH,29
Mirillis,29
JumpCore Productions,28
Aventurine SA,28
Emagica,27
Colorful Media,27
The Alpha Company,27
Playful Corporation,27
Fixpoint Productions Ltd.,27
"Castle Pixel, LLC.",27
Concave Studio,27
Mimimi Productions,26
"Her Interactive, Inc.",26
A Jolly Corpse,26
Infamous Quests,26
Kardfy Studios,25
Studio V5,25
Astral Byte,25
Vertigo Games,25
Puuba,25
Social Loner Studios,25
VooFoo Studios,25
TimeSymmetry,25
The Indie Forge,25
Conrad Nelson,25
Amazing Atom,24
Gogiii,24
Blue Mammoth Games,23
Vogat Interactive,23
Freedom Factory,23
"Dracue, Co. ltd",23
Revistronic,23
Bojan Brbora,22
Magenta Factory,22
Hailstorm Games,22
Nitreal,21
Nano Games,21
stillalive studios,21
World-Loom,21
CrioLand,21
Turnopia,21
Jugilus,20
Dreadlocks Ltd.,20
"Ideum, Inc.",20
Warlock Arts,20
Gunnar Games,20
Pyxel Arts,20
Bill and Eli Productions,20
The Mustard Corporation,20
EXTREME,20
Childish Things,20
??????????,20
Pulse Entertainment,20
rdein,19
comcept Inc.,19
"Moonshark, Inc.",19
Spilt Milk Studios,19
Umix,19
Team NINJA,19
Perpetual FX Creative,19
ZSK Progres s.c.,19
Digital Homicide Studios,18
Sideline Amusements,18
Visual Outbreak,18
Different Tuna,18
Adam Saltsman,18
Gonzo Games,18
Pigasus Games,18
BluBee Games,18
Highcastle Studios,18
FobTi interactive,18
Robin Arnott,18
Pointscape,18
Uppercut Games Pty Ltd,18
Easy Co,17
Zeolite Studios Inc.,17
Moonshot Games,17
Wonderfling,17
Whalebox Studio,17
ACD Systems International Inc.,16
Reality Twist GmbH,16
RealAxis Software,16
Investigate North,16
DMD Enterprise,16
Matt Grimm,15
MURA Interactive,15
Shaun Inman,15
Rusty Moyher,15
Big Pixel Studios,15
WIWD Development,15
Slam,15
Le Cortex,14
Sakevisual,14
Epic Quest  Games,14
MADia Entertainment,14
SleepNinja Games,14
Third Wire Productions,14
The Dept of Silly Stuff,14
InterAction studios,14
Bytes of Learning,14
Pixel Dash Studios,14
88mm,14
"Kalani Games, Inc.",13
RageSquid,13
"Max Gaming Technologies, LLC",13
HRG (Heirs of Rube Goldberg),13
Electric Eggplant,13
Unity Games,13
Tiny Lab Productions,13
Soulid Studio,13
Trickster Face,12
Konsordo,12
"Gunnar Games, Inc.",12
Adam Spragg,12
The Writer Zone,12
Serious Brothers,12
Pentavera,11
Joju Games,11
ChessBase,11
Bram Ruiter,11
Daniel Oliveira Carneiro,11
G5 Entertainment,11
Peter Cleary,11
Ludeme Games,11
Sirlin Games,11
Bretwalda Games,11
Cypress Inheritance LLC,11
Freeze Tag Inc.,11
Linksolutions Ltd.,11
Laser Guided Games,10
TAD Productions AB,10
Mirball Games,10
DotEmu SAS.,10
Primate Labs Inc.,10
Just A Pixel Ltd.,10
On The Level Game Studios,10
Unknown Identity,10
4HEAD Studios,10
Sand Sailor Studio,10
Chromatic Dream,10
MEGAFUZZ,10
Future Games,10
Elefantopia,10
HandMade Game,9
Dlala Studios,9
Isotope 244,9
Krita Foundation,9
North Side,9
FarmerGnome,9
Yatagarasu Dev Team,9
ACQUIRE Corp.,8
Gojira,8
49 Games,8
"Sunstone Games, LLC.",8
Gugila,8
Games Hut,8
Shaman Games,8
Gato Salvaje S.L.,8
sakevisual,8
Little Worlds Interactive,8
Room 8 Studio,8
Shaman Games Studio,7
Wonderful Tree Studio,7
Wax Lyrical Games,7
The Astronauts,7
Pixelatto,7
MagicIndie,7
Game Mechanics,7
Really Slick,7
Independent Arts Software,7
Galhmac Game Studio,7
DragonSix,7
Radon Labs GmbH,7
MAGIX Software GmbH,7
Vector Games,6
VR Designs,6
Hinterland Studio Inc.,6
Codemasters,6
rokapublish GmbH,6
Ole Lange,6
Autumn Moon,6
Gamatic,6
rondomedia GmbH,6
Dan  Walters,6
Ceri Williams,6
"Vermont Software Studios,LLC",5
Stellar Jockeys,5
WayForward Technologies Inc.,5
Jon Kerney,5
Intravenous Software,5
Sport1 GmbH,5
La Moustache Studio,5
Gausswerks,5
Corncrow Games,5
Ian MacLarty,5
Timbre Interactive,5
Duaik Entretenimento,5
electrolyte,5
Inmatrix LTD,5
Microprose,5
Wingware,4
WaveDNA,4
BS1 & BSL Team,4
Twelve Games,4
Ripatti Software,4
Tin Man Games,4
Shark Punch,4
N94Games,4
Up Multimedia,4
ALICE IN DISSONANCE,4
Neutron Games GmbH,4
Traptics,3
Pictopotamus,3
"Candescent Games, Inc",3
Confused Pelican,3
"oeFun, Inc.",3
"Fancy Bytes, Reactor",3
Idigicon,3
Eldon Harris,3
Starfish-SD Inc,3
VisualArts/Key,3
Shawn Beck,2
Tasty Stewdios LLC,2
Force Of Habit,2
Orion Games,2
GammaLateral,2
Crimson Cow,2
Dream Up,2
Transcendent Games,2
Carlo D'Apostoli Projects,2
Rasmus Ljunggren,2
"RSUPPORT Co., LTD.",2
Keys of Nine Entertainment,2
Nate Schmold,2
Extreme Reality,2
Backstab Games,1
Ghost Machine,1
SDP Games,1
The Domaginarium,1
PokPoong Games,1
Autodesk,1
Phigames,1
Green Lava Studios,1
Trickster Arts,1
Razorworks,1
Z4G0 and Ivan Venturi Productions,1
Colin Northway,1
Incandescent Games,1
Ohm Force,1
Gabriel Priske,1
RedBedlam,1
No Goblin,1
CBE Software s.r.o.,1
"TREND, Soft Pro",1
iMaxGen,1
Ennoble Studios,1
Maurice Pape,1
