,122736
Dota 2,86214
Team Fortress 2,68351
Left 4 Dead 2,63188
ORION: Prelude,47755
Counter-Strike: Global Offensive,47541
Borderlands 2,45277
The Elder Scrolls V: Skyrim,44572
Counter-Strike: Source,41766
Contagion,41597
Sid Meier's Civilization® V,41345
Call of Duty®: Ghosts,40835
Half-Life 2: Lost Coast,40597
Garry's Mod,39786
Portal 2,37037
Terraria,36628
Portal,36077
Half-Life 2,34795
Half-Life 2: Deathmatch,30590
Unturned,29089
Ironclad Tactics,28486
Fallout: New Vegas,27466
Magicka,27173
Metro 2033,27164
Sanctum 2,26859
Arma 2,26436
Half-Life 2: Episode One,25804
Arma 2: Operation Arrowhead,25655
Alien Swarm,25581
Saints Row: The Third,25507
Half-Life 2: Episode Two,25239
Sniper Elite V2,25022
PAYDAY 2,25000
Grand Theft Auto IV,24230
BioShock Infinite,24049
Just Cause 2,23753
Counter-Strike,23690
Dishonored,23564
Killing Floor,23425
Defence Alliance 2,23417
Torchlight II,22181
The Witcher 2: Assassins of Kings Enhanced Edition,21958
XCOM: Enemy Unknown,21831
Dead Island: Game of the Year Edition,21312
Red Orchestra 2: Heroes of Stalingrad with Rising Storm,20656
Counter-Strike: Condition Zero,20544
DayZ,20329
FTL: Faster Than Light,20256
Chivalry: Medieval Warfare,19770
Mirror's Edge™,19613
BioShock™,19542
Company of Heroes,19177
The Binding of Isaac,18928
Batman: Arkham City - Game of the Year Edition,18917
Tomb Raider,18723
Borderlands,18324
Left 4 Dead,18186
DARK SOULS™: Prepare To Die™ Edition,17973
Crysis 2 - Maximum Edition,17914
Trine 2: Complete Story,17894
Grand Theft Auto: Episodes from Liberty City,17555
Far Cry 3,17523
Dead Space,17162
Bastion,17161
Batman: Arkham Asylum Game of the Year Edition,16711
Company of Heroes: Opposing Fronts,16596
Orcs Must Die! 2,16576
Total War: SHOGUN 2,16399
Darksiders™,16323
BioShock® 2,16257
Don't Starve,16244
Natural Selection 2,16193
Starbound,15902
Rust,15854
Call of Duty®: Modern Warfare® 2,15367
Dungeon Defenders,15246
PAYDAY™ The Heist,15199
Half-Life,15006
Hitman: Absolution™,14813
Burnout Paradise: The Ultimate Box,14755
Warframe,14718
Day of Defeat: Source,14539
Company of Heroes: Tales of Valor,14450
Empire: Total War™,14413
Half-Life Deathmatch: Source,14262
"Warhammer® 40,000™: Dawn of War® II",14240
Mount & Blade: Warband,14200
Robocraft,14072
Red Faction®: Armageddon™,14070
The Witcher: Enhanced Edition Director's Cut,13945
The Walking Dead,13888
Castle Crashers®,13813
Amnesia: The Dark Descent,13802
Arma II: DayZ Mod,13735
Super Meat Boy,13658
LIMBO,13515
Medal of Honor™,13201
Sleeping Dogs,12824
Alan Wake,12823
Hotline Miami,12777
Titan Quest,12687
Call of Duty®: Modern Warfare® 3,12679
Mark of the Ninja,12674
F.E.A.R. 3,12599
Serious Sam 3: BFE,12568
Age of Empires II HD,12472
Saints Row 2,12454
Half-Life: Opposing Force,12405
Half-Life: Blue Shift,12339
Awesomenauts,12293
Day of Defeat,12277
"Warhammer 40,000: Dawn of War II: Retribution",12246
Max Payne 3,12226
Tropico 4: Steam Special Edition,12181
F.E.A.R. 2: Project Origin,12165
Team Fortress Classic,12124
Ricochet,11963
Deathmatch Classic,11945
Loadout,11862
Orcs Must Die!,11702
"Warhammer® 40,000: Dawn of War® II Chaos Rising",11683
Call of Duty®: Black Ops,11674
Grand Theft Auto: San Andreas,11616
Path of Exile,11461
Arma 3,11365
Torchlight,11363
War Thunder,11312
Saints Row IV,11310
PlanetSide 2,11256
Fallout 3: Game of the Year Edition,11206
AudioSurf,11128
Total War™: ROME II - Emperor Edition,11107
Call of Duty®: Black Ops II,11083
Scribblenauts Unlimited,11019
Heroes & Generals,10849
Surgeon Simulator 2013,10708
Sanctum,10706
DC Universe™ Online,10564
Mafia II,10552
L.A. Noire,10499
Lord of the Rings: War in the North,10435
The Elder Scrolls IV: Oblivion® Game of the Year Edition,10344
STAR WARS™ - Knights of the Old Republic™,10268
Trine Enchanted Edition,10257
Battlefield: Bad Company™ 2,10046
Napoleon: Total War™,10040
Monaco: What's Yours Is Mine,10031
PAC-MAN™ Championship Edition DX+,9988
FEZ,9904
Mass Effect 2,9873
Alan Wake's American Nightmare,9792
Ace of Spades: Battle Builder,9678
Brutal Legend,9675
Spec Ops: The Line,9560
State of Decay,9560
Rome: Total War™ - Collection,9517
Mass Effect,9466
"Warhammer® 40,000: Dawn of War® - Game of the Year Edition",9446
Space Engineers,9427
Grand Theft Auto: Vice City,9384
Just Cause 2: Multiplayer Mod,9381
Mount & Blade: With Fire & Sword,9353
ARMA: Cold War Assault,9329
STAR WARS™ Battlefront™ II,9281
Kerbal Space Program,9265
Crusader Kings II,9169
Rogue Legacy,9074
Command & Conquer: Red Alert 3 - Uprising,9029
RAGE,9024
The Stanley Parable,8952
Half-Life: Source,8945
Psychonauts,8925
Nosgoth,8812
Company of Heroes 2,8715
Poker Night at the Inventory,8674
Legend of Grimrock,8607
F.E.A.R.,8549
Defiance,8536
Guns of Icarus Online,8533
Braid,8533
Sid Meier's Civilization® IV,8455
Dust: An Elysian Tail,8448
"Warhammer 40,000: Space Marine",8447
"Papers, Please",8442
DARK SOULS™ II,8433
Hitman: Blood Money,8382
Grand Theft Auto III,8304
Medieval II: Total War™,8297
Batman™: Arkham Origins,8263
Zombie Panic! Source,8197
SpaceChem,8145
Titan Quest - Immortal Throne,8117
World of Goo,8061
Reus,8056
Risen 2: Dark Waters,8046
Deus Ex: Game of the Year Edition,8029
The Bureau: XCOM Declassified,7981
Firefall,7926
Deadlight,7849
Dragon Age: Origins - Ultimate Edition,7836
Mount & Blade,7779
Antichamber,7746
Plants vs. Zombies GOTY Edition,7744
Dino D-Day,7700
Far Cry® 2: Fortune's Edition,7684
Age of Empires® III: Complete Collection,7616
Banished,7575
The Darkness II,7466
Serious Sam HD: The First Encounter,7451
Endless Space® - Emperor Edition,7435
Dead Island Riptide,7402
Red Faction Guerrilla Steam Edition,7394
Universe Sandbox,7381
VVVVVV,7354
The Ship: Murder Party,7350
S.T.A.L.K.E.R.: Shadow of Chernobyl,7324
Hitman 2: Silent Assassin,7314
Insurgency,7270
Far Cry 3 - Blood Dragon,7244
Overlord™,7234
The Ship: Single Player,7211
Assassin's Creed 2 Deluxe Edition,7210
Risk of Rain,7205
Dear Esther,7197
STAR WARS™ Knights of the Old Republic™ II - The Sith Lords™,7192
Crysis,7143
Dead Space™ 2,7126
War of the Roses,7092
Warface,7090
Free to Play,7089
Hitman: Codename 47,7047
Civilization IV: Beyond the Sword,7026
HAWKEN,7019
Supreme Commander: Forged Alliance,6974
Sins of a Solar Empire®: Rebellion,6966
Civilization IV®: Warlords,6929
Magicka: Wizard Wars,6928
Shadowrun Returns,6908
Game Dev Tycoon,6880
Super Hexagon,6872
Sid Meier's Civilization IV: Colonization,6862
Space Pirates and Zombies,6759
Frozen Synapse,6758
BattleBlock Theater®,6748
Cave Story+,6737
Thomas Was Alone,6707
Little Inferno,6681
SimCity™ 4 Deluxe Edition,6674
Overlord II,6666
Prison Architect,6664
Supreme Commander,6660
BIT.TRIP RUNNER,6647
Anno 2070™,6623
Goat Simulator,6607
Kingdoms of Amalur: Reckoning™,6535
RACE 07,6424
Assassin’s Creed® III,6409
Overlord™: Raising Hell,6402
Infestation: Survivor Stories Classic,6358
Guacamelee! Gold Edition,6297
Sacred 2 Gold,6287
Crysis Warhead®,6285
The Incredible Adventures of Van Helsing,6284
Supreme Commander 2,6237
The Elder Scrolls III: Morrowind® Game of the Year Edition,6188
Euro Truck Simulator 2,6173
No More Room in Hell,6131
Deus Ex: Human Revolution - Director's Cut,6105
E.Y.E: Divine Cybermancy,6095
Deus Ex: Invisible War,6094
Superbrothers: Sword & Sworcery EP,6085
Dungeons of Dredmor,6042
Poker Night 2,6024
To the Moon,6023
Divinity: Original Sin (Classic),5995
FINAL FANTASY VII,5944
Source Filmmaker,5941
Serious Sam HD: The Second Encounter - Demo,5920
Assassin’s Creed® Brotherhood,5896
Aliens vs. Predator™,5885
Sid Meier's Civilization® III Complete,5863
The Forest,5854
Risen,5839
The Swapper,5826
7 Days to Die,5819
Neverwinter,5818
S.T.A.L.K.E.R.: Call of Pripyat,5770
GTR Evolution Expansion Pack for RACE 07,5752
RaceRoom Racing Experience,5747
Mortal Kombat Komplete Edition,5719
Tropico 3 - Steam Special Edition,5696
Fable - The Lost Chapters,5662
Warlock - Master of the Arcane,5636
Defense Grid: The Awakening,5629
Worms Revolution,5617
Divinity II: Developer's Cut,5614
Jamestown,5600
Nether: Resurrected,5598
Machinarium,5593
Galactic Civilizations® II: Ultimate Edition,5593
Red Orchestra: Ostfront 41-45,5544
Darkest Hour: Europe '44-'45,5543
Mare Nostrum,5543
Assassin's Creed™: Director's Cut Edition,5539
Cogs,5490
The Showdown Effect,5484
Anomaly: Warzone Earth,5453
Brothers - A Tale of Two Sons,5448
X-COM: UFO Defense,5447
Wargame: European Escalation,5440
Gratuitous Space Battles,5422
Tiny and Big: Grandpa's Leftovers,5393
Tom Clancy's Ghost Recon Phantoms - NA,5390
Homefront,5381
Thief,5378
Might & Magic: Heroes VI,5371
Beat Hazard,5340
"Warhammer® 40,000: Dawn of War® - Dark Crusade",5336
DEFCON,5332
Thief™ Gold,5327
X3: Terran Conflict,5327
Worms Reloaded,5327
Assassin's Creed® Revelations,5303
RIFT,5291
Giana Sisters: Twisted Dreams,5274
Just Cause,5267
Dark Messiah of Might & Magic,5249
System Shock 2,5236
Outlast,5229
Blood Bowl® Legendary Edition,5209
Realm of the Mad God,5201
Crayon Physics Deluxe,5199
"Warhammer® 40,000: Dawn Of War® – Winter Assault",5189
SPORE™,5175
"Warhammer® 40,000: Dawn of War® - Soulstorm",5174
Guardians of Middle-earth,5129
Spelunky,5093
Europa Universalis IV,5080
Capsized,5077
The Walking Dead: Season 2,5028
BRINK,5007
Grand Theft Auto,5005
Grand Theft Auto 2,5005
Planetary Annihilation,4992
NightSky,4991
Eets Munchies,4982
Shank 2,4980
Magic 2014 — Duels of the Planeswalkers,4953
Cthulhu Saves the World,4916
South Park™: The Stick of Truth™,4870
Gun Monkeys,4856
X-COM: Terror From the Deep,4852
X-COM: Apocalypse,4840
Lone Survivor: The Director's Cut,4825
Europa Universalis III Complete,4822
Really Big Sky,4819
Dungeon Siege III,4818
Synergy,4813
The Last Remnant™,4804
Call of Duty® 4: Modern Warfare®,4779
And Yet It Moves,4761
Uplink,4746
Command & Conquer: Red Alert 3,4735
Arma 2: Private Military Company,4729
Arma 2: British Armed Forces,4716
Operation Flashpoint: Dragon Rising,4679
Serious Sam Classics: Revolution,4674
Serious Sam Classic: The First Encounter,4674
Serious Sam Classic: The Second Encounter,4674
Cities in Motion 2,4661
Assassin’s Creed® IV Black Flag™,4660
Age of Chivalry,4653
Darwinia,4651
STAR WARS™ Jedi Knight - Jedi Academy™,4649
From Dust,4636
X-COM: Interceptor,4622
Thief: Deadly Shadows,4620
X-COM: Enforcer,4611
Cities XL Platinum,4605
The Wolf Among Us,4582
Zeno Clash,4576
Unreal Tournament 3 Black,4565
McPixel,4537
Revenge of the Titans,4507
The Expendabros,4504
INSURGENCY: Modern Infantry Combat,4500
Gunpoint,4496
Baldur's Gate: Enhanced Edition,4492
Solar 2,4487
Breath of Death VII,4481
Red Faction,4476
Dungeonland,4470
Far Cry®,4455
Call of Juarez® Gunslinger,4451
Fallout 2: A Post Nuclear Role Playing Game,4430
Shadowgrounds,4401
Viscera Cleanup Detail: Shadow Warrior,4394
Game of Thrones,4365
Tom Clancy’s Splinter Cell Blacklist,4328
Need For Speed: Hot Pursuit,4319
Lara Croft and the Guardian of Light,4316
Tomb Raider: Underworld,4306
Fallout: A Post Nuclear Role Playing Game,4298
Sacred Citadel,4297
Hammerfight,4291
Sniper Elite: Nazi Zombie Army,4283
Strike Suit Zero,4280
Marvel Heroes 2016,4278
Red Faction II,4273
BIT.TRIP Presents... Runner2: Future Legend of Rhythm Alien,4266
Atom Zombie Smasher,4261
Osmos,4260
Alpha Protocol™,4246
Call of Duty: World at War,4239
Shank,4238
Bully: Scholarship Edition,4231
StarForge,4224
Two Worlds II,4214
Hammerwatch,4207
Multiwinia,4169
APB Reloaded,4154
Duke Nukem Forever,4137
Alien Breed 2: Assault,4134
Watch_Dogs™,4126
Max Payne 2: The Fall of Max Payne,4122
Fallout Tactics: Brotherhood of Steel,4121
Pid,4107
Resident Evil 6 / Biohazard 6,4105
Spiral Knights,4096
Project Zomboid,4076
Dragon Age: Origins,4068
X3: Albion Prelude,4054
Shadowgrounds Survivor,4029
How to Survive,3996
Tomb Raider: Anniversary,3974
Max Payne,3965
STAR WARS™ Empire at War - Gold Pack,3954
Serious Sam 2,3943
Enclave,3919
HOARD,3918
The Sims™ 3,3916
STAR WARS™ Jedi Knight II - Jedi Outcast™,3906
Rocketbirds: Hardboiled Chicken,3898
Operation Flashpoint: Red River,3889
The Guild II,3862
Vampire: The Masquerade - Bloodlines,3861
"Pirates, Vikings, and Knights II",3854
Tomb Raider: Legend,3853
MX vs. ATV Reflex,3829
Rock of Ages,3819
Rome: Total War™ - Alexander,3809
Proteus,3801
Tower Wars,3766
METAL SLUG 3,3756
A Virus Named TOM,3747
Organ Trail: Director's Cut,3735
Strike Vector,3734
Intrusion 2,3724
Closure,3722
Hard Reset Extended Edition,3713
S.T.A.L.K.E.R.: Clear Sky,3685
Recettear: An Item Shop's Tale,3679
Shatter,3659
X3: Reunion,3645
Oil Rush,3637
The Basement Collection,3636
Wolfenstein: The New Order,3634
R.A.W. Realms of Ancient War,3631
Sonic & All-Stars Racing Transformed,3631
Confrontation,3630
Magic: The Gathering - Duels of the Planeswalkers 2013,3628
Stronghold HD,3628
Gotham City Impostors Free to Play,3625
DmC: Devil May Cry,3621
Wargame: Airland Battle,3602
POSTAL 2,3596
Sid Meier's Railroads!,3591
Alice: Madness Returns,3581
Plague Inc: Evolved,3565
DLC Quest,3564
Resident Evil™ 5/ Biohazard 5®,3562
Rochard,3548
STAR WARS™ Jedi Knight - Dark Forces II,3527
Painkiller Hell & Damnation,3517
Stronghold 3 Gold,3517
The Mighty Quest For Epic Loot,3500
Receiver,3494
Sniper: Ghost Warrior,3491
Puzzle Agent,3488
King's Bounty: The Legend,3483
Stacking,3461
Stronghold Crusader HD,3442
STAR WARS™ - Dark Forces,3442
Costume Quest,3437
Tom Clancy's Rainbow Six® Vegas 2,3425
STAR WARS™ Jedi Knight - Mysteries of the Sith™,3409
Fistful of Frags,3404
STAR WARS™ Republic Commando™,3387
Dead Rising® 2,3378
Dwarfs!?,3377
Super MNC,3365
Deponia,3357
RollerCoaster Tycoon® 3: Platinum,3352
ArcaniA,3350
Vessel,3310
Star Trek Online,3308
Worms Ultimate Mayhem,3307
Ultra Street Fighter® IV,3306
Toki Tori,3300
Beatbuddy: Tale of the Guardians,3287
Sam & Max: The Devil’s Playhouse,3284
Papo & Yo,3263
Monday Night Combat,3261
King's Bounty: Armored Princess,3256
Kane & Lynch 2: Dog Days,3239
GRID 2,3231
Botanicula,3230
Sid Meier's Pirates!,3217
DiRT Showdown,3210
Prototype™,3204
Leviathan: Warships,3202
Indie Game: The Movie,3195
Blacklight: Retribution,3180
Shadow Warrior,3175
Steel Storm: Burning Retribution,3173
Gone Home,3165
Nuclear Dawn,3161
The Bard's Tale,3151
Aquaria,3140
Back to the Future: The Game,3139
Penumbra Overture,3138
Men of War: Assault Squad,3118
Sonic Generations,3114
Magic: The Gathering - Duels of the Planeswalkers 2012,3108
Snapshot,3100
STAR WARS™ - The Force Unleashed™ Ultimate Sith Edition,3098
Dungeon Siege II,3090
Dustforce DX,3087
The Secret of Monkey Island: Special Edition,3082
RPG Maker VX Ace,3082
LEGO The Lord of the Rings,3073
Toribash,3063
Injustice: Gods Among Us Ultimate Edition,3054
Sid Meier’s Ace Patrol,3049
METAL GEAR RISING: REVENGEANCE,3044
Dungeon Siege,3030
Divine Divinity,3028
EVE Online,3021
Sid Meier’s Ace Patrol: Pacific Skies,3009
Serious Sam: The Random Encounter,3005
Serious Sam Double D XXL,3003
GRID™,2977
Tropico 3: Absolute Power,2975
Bulletstorm™,2974
English Country Tune,2968
BIT.TRIP BEAT,2966
Evoland,2961
Gish,2959
Penny Arcade's On the Rain-Slick Precipice of Darkness 3,2957
Joe Danger 2: The Movie,2953
The Ball,2906
Sniper Elite: Nazi Zombie Army 2,2903
Greed Corp,2902
DOOM 3,2897
Offspring Fling!,2897
Mini Ninjas,2890
Prototype 2,2888
Skullgirls,2881
Godus,2879
Nexuiz,2864
Transistor,2859
SPORE™ Galactic Adventures,2855
Battlefield 2: Complete Collection,2851
Hydrophobia: Prophecy,2841
GunZ 2: The Second Duel,2827
Men of War™,2823
Cry of Fear,2795
Blocks That Matter,2792
Worms Armageddon,2783
Sniper: Ghost Warrior 2,2778
ARMA: Gold Edition,2768
Hearts of Iron III,2765
Towns,2765
Amnesia: A Machine for Pigs,2758
Gnomoria,2736
Renegade Ops,2735
Age of Wonders III,2733
Aliens: Colonial Marines,2728
Nation Red,2727
Rise of the Argonauts,2721
Viscera Cleanup Detail: Santa's Rampage,2720
Sang-Froid - Tales of Werewolves,2720
Pixel Piracy,2705
Sword of the Stars: The Pit,2688
EDGE,2686
DOOM II,2675
Master Levels for Doom II,2675
Starseed Pilgrim,2663
LEGO® Marvel™ Super Heroes,2661
Unreal Tournament 2004: Editor's Choice Edition,2655
UFO: Afterlight,2651
Command & Conquer 3: Tiberium Wars,2651
Ultimate Doom,2637
AI War: Fleet Command,2627
Doom 3: BFG Edition,2622
Anomaly 2,2621
Puzzle Agent 2,2612
Worms Crazy Golf,2611
NEOTOKYO,2603
STAR WARS™ - The Force Unleashed™ II,2596
Take On Helicopters,2591
Fallout 3,2591
The Secret World,2589
Ace Combat Assault Horizon - Enhanced Edition,2587
Lead and Gold: Gangs of the Wild West,2579
Thief™ II: The Metal Age,2569
SPORE™ Creepy & Cute Parts Pack,2553
Shadow Warrior Classic Redux,2549
Train Simulator 2016,2535
Commandos 2: Men of Courage,2530
Farming Simulator 2013 Titanium Edition,2527
The Banner Saga,2515
theHunter,2515
Baldur's Gate II: Enhanced Edition,2514
DOOM 3 Resurrection of Evil,2512
"Precipice of Darkness, Episode One",2506
Painkiller: Black Edition,2505
Monkey Island™ 2 Special Edition: LeChuck’s Revenge™,2503
Swords and Soldiers HD,2497
Knights of Pen and Paper +1 Edition,2496
Sniper Elite,2494
FINAL FANTASY VIII,2488
Half Minute Hero: Super Mega Neo Climax Ultimate Boy,2485
Commandos 3: Destination Berlin,2477
Alpha Prime,2469
Krater,2466
Zeno Clash 2,2453
Galaxy on Fire 2™ Full HD,2451
Beyond Divinity,2450
Trauma,2450
King's Bounty: Crossworlds,2443
Binary Domain,2435
RUSH,2433
Devil May Cry 4,2431
I Am Alive,2430
Castlevania: Lords of Shadow – Ultimate Edition,2428
Final DOOM,2428
Tropico 5,2426
Omerta - City of Gangsters,2423
Tom Clancy's Splinter Cell Chaos Theory®,2418
Adventures of Shuggy,2410
Tribes: Ascend,2405
SpellForce 2: Faith in Destiny,2393
X2: The Threat,2392
Toki Tori 2+,2390
Tomb Raider I,2388
Worms Blast,2384
Worms Pinball,2383
UnEpic,2376
Prince of Persia®,2372
Oddworld: Abe's Oddysee®,2370
Tomb Raider II,2366
Tomb Raider III,2366
Faerie Solitaire,2359
FORCED: Slightly Better Edition,2357
Tomb Raider VI: The Angel of Darkness,2354
God Mode,2350
King Arthur - The Role-playing Wargame,2349
Test Drive Unlimited 2,2349
Tomb Raider IV: The Last Revelation,2346
Jagged Alliance - Back in Action,2344
Age of Mythology: Extended Edition,2341
Hector: Badge of Carnage - Full Series,2335
Section 8®: Prejudice™,2334
Remember Me,2331
Sine Mora,2329
Tomb Raider V: Chronicles,2322
QUAKE,2322
Quantum Conundrum,2315
Arma Tactics,2310
Trials Evolution: Gold Edition,2309
Hero Academy,2308
Return to Castle Wolfenstein,2300
"Time Gentlemen, Please! and Ben There, Dan That! Special Edition  Double Pack",2299
Velvet Assassin,2296
Unreal Tournament: Game of the Year Edition,2286
Star Conflict,2283
Space Hack,2278
PixelJunk™ Eden,2268
Oddworld: Abe's Exoddus®,2264
Commandos: Behind Enemy Lines,2259
Men of War: Red Tide,2240
Anna - Extended Edition,2238
Heroes of Might & Magic V,2238
Space Hulk,2229
Quake III Arena,2226
Commandos: Beyond the Call of Duty,2226
QUAKE III: Team Arena,2225
Syberia II,2225
Command & Conquer 4: Tiberian Twilight,2223
QUAKE II,2223
X: Beyond the Frontier,2223
ArcheBlade™,2222
Splice,2222
Symphony,2217
X: Tension,2204
Stealth Bastard Deluxe,2201
Samorost 2,2199
Viking: Battle for Asgard,2198
The Testament of Sherlock Holmes,2194
Wizorb,2193
Toy Soldiers,2184
Paranautical Activity: Deluxe Atonement Edition,2181
Takedown: Red Sabre,2175
Stronghold Kingdoms,2166
THE KING OF FIGHTERS XIII STEAM EDITION,2165
Syberia,2160
Gemini Rue,2159
Demigod,2152
Avadon: The Black Fortress,2150
Planet Explorers,2150
The Lord of the Rings Online,2145
Hell Yeah! Wrath of the Dead Rabbit,2143
Prince of Persia®: The Sands of Time,2139
Legend of Dungeon,2135
Only If,2135
Blade Symphony,2135
"Precipice of Darkness, Episode Two",2126
The Cave,2125
Strike Suit Infinity,2121
Penumbra: Requiem,2118
Penumbra: Black Plague Gold Edition,2118
Home,2117
Post Apocalyptic Mayhem,2115
Carrier Command: Gaea Mission,2113
Interstellar Marines,2112
QUAKE II Mission Pack: Ground Zero,2096
QUAKE II Mission Pack: The Reckoning,2093
Castle Story,2090
QUAKE Mission Pack 1: Scourge of Armagon,2087
Wanderlust: Rebirth,2086
QUAKE Mission Pack 2: Dissolution of Eternity,2085
AaaaaAAaaaAAAaaAAAAaAAAAA!!! for the Awesome,2077
Unreal Gold,2073
DUNGEONS - Steam Special Edition,2069
Victoria II,2068
Gothic® 3,2062
Divinity: Dragon Commander,2059
StarDrive,2058
Octodad: Dadliest Catch,2057
SkyDrift,2052
Floating Point,2050
Ys Origin,2041
Aura Kingdom,2038
GameMaker: Studio,2036
Unreal 2: The Awakening,2036
Prince of Persia: The Forgotten Sands™,2034
One Finger Death Punch,2032
Alien Breed: Impact,2024
Legendary,2022
Anachronox,2019
Daikatana,2014
The Guild II Renaissance,2004
Peggle Deluxe,2004
Resident Evil Revelations / Biohazard Revelations,2003
Retro City Rampage™ DX,1992
FlatOut: Ultimate Carnage,1990
Broken Sword: Director's Cut,1990
Sins of a Solar Empire®: Trinity,1982
The Bridge,1982
World of Guns: Gun Disassembly,1978
Plain Sight,1969
Superfrog HD,1969
Wolfenstein 3D,1967
Jade Empire™: Special Edition,1958
A Valley Without Wind 2,1955
A Valley Without Wind,1955
"Hack, Slash, Loot",1942
Tom Clancy's Ghost Recon: Future Soldier™,1941
The Typing of The Dead: Overkill,1940
Fractal: Make Blooms Not War,1936
Bunch of Heroes,1931
Broken Sword 2 - the Smoking Mirror: Remastered,1931
King Arthur's Gold,1928
Battlestations: Midway,1920
Prince of Persia: The Two Thrones™,1920
Prince of Persia: Warrior Within™,1918
Long Live The Queen,1910
Super Sanctum TD,1909
Kingdom Rush,1907
Saira,1904
FlatOut 2™,1898
Edge of Space,1893
Eador: Masters of the Broken World,1890
Bad Rats: the Rats' Revenge,1889
Dead Pixels,1881
Alien Breed 3: Descent,1881
Primal Carnage,1879
Before the Echo,1878
Fallen Enchantress: Legendary Heroes,1878
Deus Ex: The Fall,1878
Gothic II: Gold Edition,1873
NARUTO SHIPPUDEN: Ultimate Ninja STORM 3 Full Burst,1872
AaAaAA!!! - A Reckless Disregard for Gravity,1866
Rise of the Triad,1853
Frontlines™: Fuel of War™,1847
Broken Age,1846
Heroes of Might & Magic V: Tribes of the East,1844
The Guild II - Pirates of the European Seas,1842
Midnight Club 2,1840
Tactical Intervention,1825
TrackMania² Stadium,1825
Transformers™: War for Cybertron™,1824
Democracy 3,1820
Call of Juarez®: Bound in Blood,1812
SpeedRunners,1808
Broforce,1788
Anodyne,1786
Tropico Reloaded,1786
X Rebirth,1786
Sonic Adventure 2,1781
Painkiller Overdose,1777
Ticket to Ride,1766
Galcon Fusion,1764
Two Worlds Epic Edition,1763
One Way Heroics,1757
IL-2 Sturmovik: 1946,1756
Q.U.B.E: Director's Cut,1755
Grotesque Tactics: Evil Heroes,1740
Tom Clancy's Splinter Cell Double Agent®,1730
Dungeons - The Dark Lord,1729
They Bleed Pixels,1726
Spear of Destiny,1725
Teleglitch: Die More Edition,1722
Evil Genius,1715
Heroes of Might & Magic V: Hammers of Fate,1713
Deadpool,1712
Wargame: Red Dragon,1711
Altitude,1702
Mars: War Logs,1697
Defy Gravity Extended,1691
SteamWorld Dig,1686
Frozen Hearth,1685
Euro Truck Simulator,1681
Incredipede,1671
Halo: Spartan Assault,1668
Draw a Stickman: EPIC,1666
Wasteland 1 - The Original Classic,1663
"Sir, You Are Being Hunted",1661
Skyborn,1660
La-Mulana,1660
Hacker Evolution Duality,1647
Waking Mars,1644
Rush Bros.,1637
FlatOut,1635
Sword of the Stars II: Enhanced Edition,1627
Thinking with Time Machine,1626
The Longest Journey,1626
Dystopia,1626
Freedom Force,1622
Happy Wars,1621
Cortex Command,1619
Kinetic Void,1618
Defender's Quest: Valley of the Forgotten,1618
Blood Bowl: Chaos Edition,1617
Bridge Constructor,1615
Tom Clancy's Splinter Cell®,1612
Trapped Dead,1607
Electronic Super Joy,1604
STAR WARS™ Starfighter™,1603
Skulls of the Shogun,1580
Patrician IV - Steam Special Edition,1579
Sweet Lily Dreams,1572
Commander Keen,1572
Vindictus,1571
A New Beginning - Final Cut,1570
The Polynomial - Space of the music,1569
Port Royale 3,1566
Dynamite Jack,1560
Cities in Motion,1559
Woodle Tree Adventures,1551
Dead Rising 2: Off the Record,1543
Cubemen,1542
DogFighter,1541
HeXen II,1541
Command & Conquer 3: Kane's Wrath,1536
Portal 2 Sixense Perceptual Pack,1535
Ys I & II Chronicles+,1532
Wasteland 2: Director's Cut,1532
Nidhogg,1528
Iron Grip: Warlord,1527
HeXen: Beyond Heretic,1511
Agarest: Generations of War,1509
Heretic: Shadow of the Serpent Riders,1504
Rayman® Origins,1502
Disciples III - Renaissance Steam Special Edition,1499
World In Conflict,1497
Wings of Prey,1496
F1 2012™,1488
Lugaru HD,1487
Gothic 1,1485
HeXen: Deathkings of the Dark Citadel,1481
Blockland,1478
Beyond Good and Evil™,1477
Oddworld: Stranger's Wrath HD,1476
Fieldrunners,1475
World In Conflict: Soviet Assault,1474
Sonic Adventure DX,1473
Pinball FX2,1471
Edna & Harvey: Harvey's New Eyes,1454
Guns and Robots,1454
"Cook, Serve, Delicious!",1453
Champions Online,1453
SPINTIRES™,1452
Spirits,1451
Driver San Francisco,1445
A.R.E.S.: Extinction Agenda,1440
Velvet Sundown,1439
Next Car Game: Wreckfest,1438
Smashball,1438
Zen Bound 2,1427
Freedom Force vs. the Third Reich,1425
Painkiller Redemption,1424
Sword of the Stars: Complete Collection,1421
La Tale,1420
CastleStorm,1419
Penny Arcade's On the Rain-Slick Precipice of Darkness 4,1417
Quake IV,1412
The Misadventures of P.B. Winterbottom,1409
FINAL FANTASY® XIV: A Realm Reborn™,1407
Sniper Elite 3,1406
Ghost Master®,1406
Might & Magic X - Legacy,1403
Avencast: Rise of the Mage,1402
Men of War: Vietnam,1400
King Arthur II: The Role-Playing Wargame,1399
The Wonderful End of the World,1399
Trainz™ Simulator 12,1399
Viscera Cleanup Detail,1396
Kenshi,1394
Devil May Cry® 3 Special Edition,1385
AirMech®,1384
Fallen Enchantress: Ultimate Edition,1381
Ravensword: Shadowlands,1379
Expeditions: Conquistador,1378
ACE - Arena: Cyber Evolution,1374
Ys: The Oath in Felghana,1374
Super Crate Box,1372
Might & Magic: Duel of Champions,1371
Valiant Hearts: The Great War™ / Soldats Inconnus : Mémoires de la Grande Guerre™,1366
Magicite,1363
Hacker Evolution,1355
Kingdom Wars,1353
Lucius,1353
DeathSpank,1353
Fallen Earth Free2Play,1349
Eternal Silence,1346
Bejeweled® 3,1342
STAR WARS™ The Clone Wars™ - Republic Heroes™,1340
Chantelise - A Tale of Two Sisters,1340
Stellar Impact,1329
Evochron Mercenary,1325
Lost Planet™: Extreme Condition,1322
Dragon Age™: Origins Awakening,1322
Bloody Good Time,1316
Royal Quest,1313
Crazy Machines 2,1309
Kane and Lynch: Dead Men™,1309
Sonic and All-Stars Racing Transformed: Metal Sonic & Outrun DLC,1302
Bridge Project,1298
Fieldrunners 2,1296
F1 2013,1296
Rise of Nations: Extended Edition,1295
A Game of Dwarves,1294
SpellForce 2: Gold Edition,1289
resident evil 4 / biohazard 4,1289
LUFTRAUSERS,1287
Hitman: Contracts,1287
Oddworld: Munch's Oddysee,1284
Call of Duty® 2,1281
Verdun,1280
DuckTales: Remastered,1279
Peggle™ Nights,1276
Might & Magic: Clash of Heroes,1273
Jolly Rover,1271
Need for Speed Undercover,1270
Jack Lumber,1270
Blades of Time,1265
D.I.P.R.I.P. Warm Up,1265
Mercenary Kings,1264
Insanely Twisted Shadow Planet,1263
Estranged: Act I,1259
Type:Rider,1258
Shoot Many Robots,1258
Dungeon Defenders Eternity,1257
Tales of Monkey Island Complete Pack,1257
Valdis Story: Abyssal City,1254
Doc Clock: The Toasted Sandwich of Time,1253
Rocksmith 2014,1253
Zombie Driver HD,1250
"10,000,000",1249
Shelter,1248
You Need a Budget 4,1243
Breach & Clear,1243
Zombie Shooter 2,1239
Savant - Ascent,1238
Gothic 3: Forsaken Gods Enhanced Edition,1237
Moonbase Alpha,1230
Grand Ages: Rome,1225
Tidalis,1221
Chime,1220
Quake Live™,1218
Unholy Heights,1213
Magic 2015 - Duels of the Planeswalkers,1207
Dead Horde,1205
The Book of Unwritten Tales,1204
Hacker Evolution: Untold,1203
Chaos on Deponia,1202
Space Trader: Merchant Marine,1202
A Game of Thrones - Genesis,1201
Star Ruler,1200
Flotilla,1199
8BitMMO,1197
The Whispered World Special Edition,1195
1... 2... 3... KICK IT! (Drop That Beat Like an Ugly Baby),1193
Zombie Shooter,1192
Greed: Black Border,1192
Call of Cthulhu®: Dark Corners of the Earth,1191
Slender: The Arrival,1187
Race The Sun,1182
Jet Set Radio,1181
Spacebase DF-9,1179
Galactic Civilizations® I: Ultimate Edition,1175
Aliens versus Predator Classic 2000,1174
Majesty 2,1174
Thunder Wolves,1170
RPG Maker XP,1170
Hero Siege,1168
Ragnarok Online 2,1164
Sonic CD,1159
Snuggle Truck,1156
Guncraft,1153
Men of War: Assault Squad 2,1153
Painkiller: Resurrection,1153
Rayman® Legends,1151
Sonic the Hedgehog 4 - Episode I,1148
Geometry Wars: Retro Evolved,1145
Blackguards,1145
AirBuccaneers,1143
Miasmata,1142
Turbo Dismount™,1141
Disciples III - Resurrection,1140
A.V.A - Alliance of Valiant Arms,1138
Grotesque Tactics 2 – Dungeons and Donuts,1138
Runespell: Overture,1137
Divekick,1135
Lost Planet® 2,1134
Skyward Collapse,1133
TrackMania² Canyon,1132
Pool Nation,1130
X-Blades,1129
Cargo Commander,1129
King's Bounty: Warriors of the North,1128
Street Fighter X Tekken,1125
Demolition Inc.,1123
Front Mission Evolved,1123
Dwarfs - F2P,1120
The Dark Eye: Chains of Satinav,1112
America's Army: Proving Grounds,1110
Delve Deeper,1106
Portal 2 - The Final Hours,1105
Fish Fillets 2,1104
Jagged Alliance: Crossfire,1103
Earth 2160,1102
Galcon Legends,1101
Patrician IV: Rise of a Dynasty,1099
Air Conflicts: Pacific Carriers,1098
Ballpoint Universe - Infinite,1097
Medal of Honor: Airborne,1093
Planets Under Attack,1091
Ittle Dew,1091
The Baconing,1091
Arx Fatalis,1089
Future Wars,1083
Shift 2 Unleashed,1083
Fairy Bloom Freesia,1082
DeathSpank: Thongs of Virtue,1081
Deadly Sin 2,1081
Heroine's Quest: The Herald of Ragnarok,1072
RIP - Trilogy™,1070
The Settlers 7: Paths to a Kingdom: Deluxe Gold Edition,1068
Elsword,1066
SiN Episodes: Emergence,1066
Two Worlds II Castle Defense,1060
Secret of the Magic Crystals,1056
Super Amazing Wagon Adventure,1055
Titan Attacks!,1055
Star Wolves 3: Civil War,1051
Knights and Merchants,1051
Sol Survivor,1051
Disciples II: Gallean's Return,1050
SpellForce - Platinum Edition,1050
LEGO® Batman 2 DC Super Heroes™,1047
Singularity™,1046
Panzar,1046
Sacred Gold,1045
Grim Dawn,1044
Impire,1042
Child of Light,1037
Dungeon of the Endless™,1035
Critical Mass,1033
3DMark,1032
DYNASTY WARRIORS 8: Xtreme Legends Complete Edition,1031
Assetto Corsa,1031
Hamilton's Great Adventure,1030
Lunar Flight,1029
Burn Zombie Burn!,1027
Dreamfall: The Longest Journey,1026
Fortix,1024
Patrician III,1023
Transformers™: Fall of Cybertron™,1022
Kung Fu Strike - The Warrior's Rise,1018
Sonic & SEGA All-Stars Racing,1016
Hunted: The Demon’s Forge™,1016
Men of War: Condemned Heroes,1014
NEO Scavenger,1010
Battlestations Pacific,1007
Puddle,1005
Thirty Flights of Loving,1005
Bleed,1004
Shovel Knight,1002
Dungeon Hearts,1000
The Tiny Bang Story,999
Nikopol: Secrets of the Immortals,998
Railroad Tycoon II Platinum,997
NBA 2K14,997
Flatout 3: Chaos & Destruction,994
Chains,991
Obulis,991
Sonic the Hedgehog 4 - Episode II,986
Legacy of Kain: Soul Reaver,981
The Path,981
Insecticide Part 1,980
Lume,980
Gorky 17,980
PuzzleQuest: Challenge of the Warlords,978
Syder Arcade,975
Painkiller: Recurring Evil,974
Call of Duty®,969
Full Spectrum Warrior,968
Miner Wars 2081,968
Vanguard Princess,967
Landmark,966
Mitsurugi Kamui Hikae,964
PixelJunk™ Shooter,963
The Blackwell Legacy,963
Fate of the World,962
Depression Quest,962
Full Spectrum Warrior: Ten Hammers,961
Age of Wonders Shadow Magic,959
Giana Sisters: Twisted Dreams - Rise of the Owlverlord,952
Puzzle Bots,949
Larva Mortus,948
Game Character Hub,947
Xenonauts,946
Ultratron,945
Fortune Summoners,942
Legacy of Kain: Defiance,942
Windosill,942
DCS World,942
NecroVision,941
Legacy of Kain: Soul Reaver 2,940
The Plan,940
Majesty 2 Collection,940
Tom Clancy's Ghost Recon®,936
Crusader Kings Complete,936
Bad Hotel,935
Bookworm Deluxe,933
Delver,931
Carnage Racing ™,931
You Have to Win the Game,930
Disciples II: Rise of the Elves,928
Geneforge 4: Rebellion,927
Geneforge 2,927
Geneforge 3,927
Geneforge 1,927
Geneforge 5: Overthrow,927
Feeding Frenzy 2 Deluxe,925
Fortix 2,924
Sparkle 2 Evo,924
Tom Clancy's Rainbow Six® Vegas,923
Sunrider: Mask of Arcadius,922
Infinity Wars: Animated Trading Card Game,921
Inquisitor,918
Rocksmith™,918
Broken Sword 3 - the Sleeping Dragon,916
ArcaniA: Fall of Setarrif,912
Eldritch,911
Droid Assault,911
Reversion - The Escape (1st Chapter),909
Madballs in Babo:Invasion,907
Yet Another Zombie Defense,906
King Arthur: Fallen Champions,906
Unstoppable Gorg,905
Iron Brigade,905
Blackwell Deception,904
Twin Sector,902
iBomber Defense Pacific,902
Escape Rosecliff Island,900
Flight of the Icarus,900
Super House of Dead Ninjas,895
Puzzle Kingdoms,895
Craft The World,889
Flight Control HD,888
POSTAL,887
Alien Shooter 2: Reloaded,885
The Banner Saga: Factions,882
Weird Worlds: Return to Infinite Space,880
ENSLAVED™: Odyssey to the West™ Premium Edition,880
Need for Speed: Shift,879
Pinball Arcade,879
STCC The Game 2 – Expansion Pack for RACE 07,878
Tank Universal,877
Overgrowth,874
Worms Clan Wars,874
Ghostbusters: The Videogame,874
Ascend: Hand of Kul,873
Darkout,870
Dungeons & Dragons Online®,869
Xotic,868
LOST PLANET® 3,867
Starpoint Gemini 2,867
UFO: Extraterrestrials Gold,866
Sam & Max 104: Abe Lincoln Must Die!,866
Call of Duty: United Offensive,865
Tom Clancy's Ghost Recon® Island Thunder™,864
The First Templar - Steam Special Edition,864
Tom Clancy's Ghost Recon® Desert Siege™,864
Imperium Romanum Gold Edition,863
Dragon Nest,863
Day One : Garry's Incident,862
Avernum: Escape From the Pit,861
Monster Loves You!,860
Foreign Legion: Buckets of Blood,858
Cubetractor,856
Trials 2: Second Edition,854
Earth 2150 Trilogy,854
Battle Islands,852
Victoria I Complete,850
Wasteland Angel,848
Guardians of Graxia,846
Crash Time 2,845
Fly'N,845
Darkstar One,844
Street Fighter® IV,843
Folk Tale,842
Primordia,841
Desktop Dungeons,839
Neighbours from Hell Compilation,839
Volgarr the Viking,836
Tabletop Simulator,836
Age of Wonders,835
Legionwood 2 - Extended Edition,831
DG2: Defense Grid 2,830
ProtoGalaxy,830
Divine Souls F2P MMO,829
Ship Simulator Extremes,829
LEGO Harry Potter: Years 1-4,829
Starpoint Gemini,828
RETRO – Expansion Pack for RACE 07,828
Scourge: Outbreak,826
Death to Spies: Moment of Truth,826
GT Power Pack – Expansion Pack for RACE 07,826
Of Orcs And Men,825
The Journey Down: Chapter One,821
Septerra Core,821
Cargo! The Quest for Gravity,821
Brothers in Arms: Hell's Highway™,819
Marlow Briggs and the Mask of Death,819
Magical Diary: Horse Hall,817
Deadly 30,817
The Shivah,816
Betrayer,811
Analogue: A Hate Story,810
Mabinogi,809
Audiosurf 2,809
Damned,809
Kentucky Route Zero,808
Cubic Castles,807
Naval Warfare,805
Journey of a Roach,804
The 39 Steps,803
Zero Gear,802
Robin Hood: The Legend of Sherwood,799
WTCC 2010 – Expansion Pack for RACE 07,799
Wizardry 6: Bane of the Cosmic Forge,799
Wizardry 7: Crusaders of the Dark Savant,799
Bob Came in Pieces,798
Death Rally,797
NecroVisioN: Lost Company,796
Iron Front: Digital War Edition,796
Continent of the Ninth Seal,795
Finding Teddy,795
140,794
Windforge,794
Marvel Puzzle Quest,793
Tom Clancy's Rainbow Six® 3 Gold,793
The Incredible Adventures of Van Helsing II,791
Order of War™,791
LEGO Batman,790
GIGANTIC ARMY,790
Master Reboot,786
GRID Autosport,786
Puzzle Dimension,785
Deadly Premonition: The Director's Cut,782
Sengoku,782
Prime World: Defenders,780
Blackwell Unbound,780
Darkest Hour: A Hearts of Iron Game,779
Blackwell Convergence,778
Gratuitous Tank Battles,778
Dead Rising 3 Apocalypse Edition,777
Silent Hunter® III,777
Unity of Command: Stalingrad Campaign,776
Wizardry 8,776
Dream Pinball 3D,774
SolForge,774
Resident Evil: Operation Raccoon City,773
Europa Universalis: Rome - Gold Edition,773
Pirates of Black Cove,772
1953 - KGB Unleashed,771
Theatre of War 2: Africa 1943,769
Gumboy - Crazy Adventures™,769
Vigil: Blood Bitterness™,768
Tony Hawk’s Pro Skater® HD,766
Razor2: Hidden Skies,765
Avernum 6,764
Ethan: Meteor Hunter,763
Post Mortem,763
Empires Mod,762
Ring Runner: Flight of the Sages,761
The Great Jitters: Pudding Panic,760
Containment: The Zombie Puzzler,760
Gear Up,758
Dark Sector,758
Shadow Warrior Classic (1997),757
Space Empires V,754
KAMI,753
Mount Your Friends,752
Avernum 4,751
Five Nights at Freddy's,750
Call of Juarez®: The Cartel,750
IL-2 Sturmovik: Cliffs of Dover,750
"I Have No Mouth, and I Must Scream",749
EverQuest® II Free-To-Play. Your Way.™,747
Blood of the Werewolf,746
RACE Injection,745
Gumboy Tournament,744
Party of Sin,744
Earth Defense Force: Insect Armageddon,743
Railroad Tycoon 3,743
Foul Play,742
Survivor Squad,742
Avernum 5,742
Urban Trial Freestyle,738
PixelJunk™ Monsters Ultimate,736
Holy Avatar vs. Maidens of the Dead,736
Steam Marines,735
Amazing World™,734
Murdered: Soul Suspect,733
Canyon Capers,732
Bionic Commando: Rearmed,731
MicroVolts Surge,730
Two Brothers,729
Tales of Maj'Eyal,727
Manhunt,725
War for the Overworld,722
Still Life 2,721
Construct 2,721
NBA2K13,720
Alien Shooter,719
Element4l,718
Dragons and Titans,718
Majesty Gold HD,717
Still Life,717
War Inc. Battlezone,715
Commander: Conquest of the Americas,713
Mutant Mudds Deluxe,712
Space Run,712
Aura: Fate of the Ages,710
eXceed - Gun Bullet Children,710
Kairo,708
LEGO Harry Potter: Years 5-7,708
Shattered Haven,707
Bloodline Champions,706
Unmechanical,706
Trackmania United Forever Star Edition,705
The Forgotten Ones,705
ETHER VAPOR Remaster,703
Brothers in Arms: Road to Hill 30™,702
Alien Rage - Unlimited,702
Rune Classic,701
Reign: Conflict of Nations,700
Galactic Arms Race,697
Air Conflicts: Secret Wars,697
Dungeons and Dragons: Daggerdale,696
CrimeCraft: GangWars,695
Sherlock Holmes: The Awakened - Remastered Edition,695
Endless Legend™,693
Dungeons & Dragons: Chronicles of Mystara,693
Fantasy Wars,693
Jazzpunk,691
Mini Motor Racing EVO,690
The LEGO® Movie - Videogame,688
Knytt Underground,688
Sideway™ New York,687
Elven Legacy,686
Car Mechanic Simulator 2014,684
Kingdoms Rise,683
Indiana Jones® and the Fate of Atlantis™,682
Noitu Love 2: Devolution,681
Airline Tycoon 2,680
Scribblenauts Unmasked: A DC Comics Adventure,675
eXceed 2nd - Vampire REX,675
Rig n Roll,674
Space Empires IV Deluxe,673
The Amazing Spider-Man™,672
Rogue Warrior,671
100% Orange Juice,669
Naval War: Arctic Circle,666
Ignite,666
Tobe's Vertical Adventure,663
Theatre of War,663
XIII Century – Gold Edition,663
eXceed 3rd - Jade Penetrate Black Package,662
Puzzle Quest 2,662
Sherlock Holmes versus Jack the Ripper,659
inMomentum,658
Hearts of Iron 2 Complete,658
Prime World,655
Goodbye Deponia,653
Bang Bang Racing,652
Lucid,652
Brothers in Arms: Earned in Blood™,651
Death to Spies,648
Silent Hunter 5®: Battle of the Atlantic,644
iBomber Defense,643
Gravity Badgers,643
Redshirt,641
The Book of Unwritten Tales: The Critter Chronicles,641
Nimbus,641
America's Army 3,638
The Dig®,638
LEGO® Star Wars™ - The Complete Saga,637
The Kings' Crusade,637
Age of Wonders II: The Wizard's Throne,637
Space Rangers HD: A War Apart,636
The Fall,635
Soldier Front 2,635
Talisman: Digital Edition,634
SOL: Exodus,633
MapleStory,631
Zuma's Revenge!,630
Pressure,630
LYNE,629
Numen: Contest of Heroes,628
Crypt of the NecroDancer,626
Making History: The Calm & the Storm,625
Cossacks: Back to War,625
Agricultural Simulator: Historical Farming,625
Drakensang,623
Trials Fusion™,622
Safecracker: The Ultimate Puzzle Adventure,621
Sherlock Holmes: The Mystery of the Persian Carpet,621
Damnation,620
ReignMaker,617
Worms,616
Frontline Tactics,616
Waves,615
Condemned: Criminal Origins,613
Garshasp: The Monster Slayer,612
Call of Juarez™,611
Auditorium,611
The Maw,610
Iron Sky: Invasion,610
The Cat Lady,609
Foreign Legion: Multi Massacre,608
Angry Video Game Nerd Adventures,607
Chaser,605
Ragnarok Online,604
March of the Eagles,603
GT Legends,602
Primal Fears,601
Nexus - The Jupiter Incident,600
Jagged Alliance 2 Gold,599
Harvest: Massive Encounter,598
Mechanic Escape,598
The Haunted: Hells Reach,598
Anarchy Arcade,596
Disciples III: Reincarnation,596
Dogfight 1942,594
Sacrifice,593
Saints Row IV: Inauguration Station,593
Serena,590
Megabyte Punch,589
Bionic Dues,589
AquaNox,587
Penguins Arena: Sedna's World,587
Cloudbuilt,587
Supreme Ruler 2020 Gold,586
Bardbarian,586
KnightShift,586
Blood Omen 2: Legacy of Kain,586
Silent Storm Gold Edition,584
M.U.D. TV,584
Shufflepuck Cantina Deluxe,584
Bionic Commando,584
Jagged Alliance 2 - Wildfire,583
The Dream Machine: Chapter 1 & 2,582
Retro/Grade,581
Hero of the Kingdom,579
Cakewalk Loop Manager,579
Sherlock Holmes - Nemesis,579
Forsaken World,578
Circuits,578
Daylight,577
World of Zoo,576
Eschalon: Book II,576
MINERVA,576
Knights of Honor,575
The Great Art Race,575
Agricultural Simulator 2013 - Steam Edition,574
Dysfunctional Systems: Learning to Manage Chaos,574
The Chaos Engine,573
LOOM™,571
Metal Drift,568
Project: Snowblind,566
Depths of Peril,565
MacGuffin's Curse,564
Rogue Trooper,564
Jets'n'Guns Gold,561
SATAZIUS,561
AquaNox 2: Revelation,561
The 7th Guest,561
Sherlock Holmes: The Mystery of the Mummy,559
Smashmuck Champions,559
Sherlock Holmes: The Silver Earring,558
TrackMania² Valley,558
Huntsman: The Orphanage (Halloween Edition),558
Pacific Storm,557
Assassin’s Creed® Liberation HD,557
Puzzle Pirates,557
Lifeless Planet Premier Edition,557
Conflict: Denied Ops,555
STCC - The Game 1 - Expansion Pack for RACE 07,555
Cherry Tree High Comedy Club,553
Waveform,551
Velocity®Ultra,550
Legends of Aethereus,550
The Red Solstice,550
Combat Wings: Battle of Britain,548
Arena Wars 2,548
Pacific Storm Allies,547
Turba,546
Port Royale 2,544
ArcheAge,544
Gyromancer,544
Tom Clancy's EndWar™,542
ShootMania Storm,539
Mountain,538
The Dream Machine: Chapter 3,538
Ridge Racer™ Unbounded,537
RACE On,536
Resonance,534
Defenders of Ardania,533
Shadow Man,533
Nihilumbra,532
Bound By Flame,532
Not The Robots,532
Champions of Regnum,532
Max Gentlemen,532
Warlock 2: The Exiled,531
nail'd,531
Alien Spidy,531
American Conquest,530
Gun Metal,530
GundeadliGne,529
The Last Federation,528
Tales From Space: Mutant Blobs Attack,527
Everquest ®,525
Lichdom: Battlemage,524
Moon Breakers,524
Bridge It +,523
99 Spirits,523
Tsukumogami,523
Death Track®: Resurrection,521
Gettysburg: Armored Warfare,521
Risen 3 - Titan Lords,520
Strong Bad's Cool Game for Attractive People: Season 1,519
Off-Road Drive,519
Villagers and Heroes,519
Contrast,519
War of the Vikings,519
Eryi's Action,519
Indiana Jones® and the Last Crusade™,517
Iesabel,517
Cossacks II: Napoleonic Wars,517
Zack Zero,515
Desperados: Wanted Dead or Alive,515
Nightmares from the Deep: The Cursed Heart,515
City of Steam: Arkadia,514
Kaptain Brawe: A Brawe New World,512
RACE - The WTCC Game,510
Gundemonium Recollection,509
Grimm,509
Silent Hunter®: Wolves of the Pacific,508
Hitogata Happa,508
RACE 07: Andy Priaulx Crowne Plaza Raceway (Free DLC),507
Warp,506
Sacraboar,506
Nethergate: Resurrection,506
InFlux,506
Professional Farmer 2014,505
DARK,505
Riven: The Sequel to MYST,504
Peggle Extreme,504
Dogs of War Online,502
Max and the Magic Marker,502
Realms of Arkania: Blade of Destiny,502
realMYST,501
Space Siege,501
King’s Bounty: Legions,500
Creeper World 3: Arc Eternal,500
Dark Fall: Lost Souls,499
Little Racers STREET,498
Roogoo,498
Blacklight: Tango Down,498
99 Levels To Hell,497
Dream,497
LEGO® The Hobbit™,496
Slam Bolt Scrappers,494
Alien Hallway,494
Famaze,494
Infested Planet,492
Scoregasm,492
Karateka,491
The Next BIG Thing,490
Star Wolves 2,490
Real Horror Stories Ultimate Edition,489
Castlevania: Lords of Shadow 2,489
Blueberry Garden,488
Minimum,488
Ironclads: High Seas,488
Theatre of War 2: Kursk 1943,487
Dungeon-Party,485
Cubemen 2,484
3079 -- Block Action RPG,484
War of the Immortals,483
Ikaruga,483
Probably Archery,482
Guilty Gear Isuka,481
BEEP,479
Puzzle Quest: Galactrix,478
Ironclads: American Civil War,478
Lightfish,478
Paper Sorcerer,475
Star Wolves,475
Hostile Waters: Antaeus Rising,475
Hinterland,474
Jurassic Park: The Game,474
Cossacks: European Wars,473
Vertex Dispenser,473
Vegas: Make It Big™,472
Nuclear Throne,472
Anomaly Korea,472
Alien Shooter 2 Conscription,471
Saturday Morning RPG,470
Etherlords II,470
Maia,470
Astebreed,469
Zafehouse: Diaries,467
Talisman: Prologue,467
Ironclads: Anglo Russian War 1866,467
Data Jammers: FastForward,466
BRAINPIPE: A Plunge to Unhumanity,466
Democracy 2,465
Skyscraper Simulator,465
"Runaway, A Road Adventure",464
Narcissu 1st & 2nd,464
Postal III,463
Agricultural Simulator 2011: Extended Edition,462
1000 Amps,462
EVGA PrecisionX 16,462
Myst: Masterpiece Edition,462
eversion,461
Ironclads: Schleswig War 1864,461
CivCity: Rome,460
Conquest of Elysium 3,460
Metro 2033 Redux,458
Flora's Fruit Farm,456
Everyday Shooter,455
Paranormal,455
The Legend of Heroes: Trails in the Sky,455
ROSE Online,454
Airport Simulator 2014,454
Cossacks II: Battle for Europe,452
Axis Game Factory's AGFPRO v3,451
Ironclads: Chincha Islands War 1866,451
War of the Human Tanks,451
SUNLESS SEA,450
Super Laser  Racer,450
Etherlords,449
The Raven - Legacy of a Master Thief,449
Aperture Tag: The Paint Gun Testing Initiative,449
Aces Wild: Manic Brawling Action!,448
Bullet Candy,447
Dangerous Waters,447
7 Grand Steps: What Ancients Begat,447
Rise of Flight United,446
Crazy Taxi,446
Dracula Origin,446
The 11th Hour,445
Spectraball,445
Crazy Machines,445
Woodcutter Simulator 2013,445
Dragon's Lair,445
Driftmoon,444
Sugar Cube: Bittersweet Factory,444
3089 -- Futuristic Action RPG,442
Teenage Mutant Ninja Turtles™: Out of the Shadows,441
Triple Town,441
Edna & Harvey: The Breakout,440
Cognition: An Erica Reed Thriller,440
Go! Go! Nippon! ~My First Trip to Japan~,439
Gateways,439
Restaurant Empire II,437
Eschalon: Book I,437
Memoir '44 Online,436
Dark Fall 2: Lights Out,436
Dinner Date,435
Dark Fall: The Journal,434
Elven Legacy: Ranger,433
Crazy Machines 1.5,433
Elven Legacy: Magic,432
Elven Legacy: Siege,431
APOX,431
The Sims Medieval,431
TimeShift™,429
Killer is Dead - Nightmare Edition,429
Farming Simulator 2013 Modding Tutorials,428
STRIDER™ / ????????®,428
GTR 2 FIA GT Racing Game,427
FINAL FANTASY III,426
Epic Battle Fantasy 4,425
Tom Clancy's Rainbow Six Lockdown™,425
Cosmic DJ,424
Always Sometimes Monsters,422
"Runaway, The Dream of The Turtle",421
Fiesta Online NA,421
Insane 2,421
Booster Trooper,420
Alien Shooter: Revisited,418
Zombie Driver HD Apocalypse Pack,416
Dawn of Discovery™,416
RACE: Caterham Expansion,415
QuestRun,415
Gemini Wars,415
Grimind,414
Theatre of War 3: Korea,414
Lunnye Devitsy,413
Runaway: A Twist of Fate,413
Cannons Lasers Rockets,413
F1 2010™,413
Wake,413
Final Slam 2,411
Unearthed: Trail of Ibn Battuta - Episode 1 - Gold Edition,411
Children of the Nile: Enhanced Edition,411
Leisure Suit Larry in the Land of the Lounge Lizards: Reloaded,410
BlazBlue: Calamity Trigger,410
Rise of Venice,409
Doorways: Prelude,408
Silent Hill Homecoming,408
Imagine Me,408
Legends of Eisenwald,407
Street Racing Syndicate,407
Dungeonbowl - Knockout Edition,406
The Night of the Rabbit,406
DisplayFusion,406
Take On Mars,406
Astro Tripper,404
CastleMiner Z,403
Project Aftermath,403
Judge Dredd: Dredd vs. Death,402
Real Warfare 2: Northern Crusades,401
Nosferatu: The Wrath of Malachi,401
iBomber Attack,399
Hospital Tycoon,399
Shad'O,399
Humanity Asset,399
Signs of Life,398
Iron Warriors: T - 72 Tank Command,397
Strike Suit Zero: Director's Cut,397
Blood Knights,396
EvilQuest,396
Farming Simulator 2011,395
Dead Hungry Diner,395
Desperados 2: Cooper's Revenge,395
Arsenal of Democracy: A Hearts of Iron Game,394
The Elder Scrolls® Online: Tamriel Unlimited™,392
Beast Boxing Turbo,392
Mr. Robot,391
Scania Truck Driving Simulator,390
Antisquad,389
RISK™: Factions,389
Clickr,388
RoboBlitz,388
Sakura Spirit,386
Dead Bits,383
Shattered Union,383
Metro: Last Light Redux,381
Escape Goat,380
Warfare,380
F1 2011,380
Arcane Worlds,378
Atlantica Online,378
Conquest of Champions,377
Fable Anniversary,377
Secrets of Rætikon,376
Cannon Fodder 3,376
Alien Zombie Megadeath,375
Full Mojo Rampage,375
BIT.TRIP CORE,375
Memoria,373
Major Mayhem,372
GTR - FIA GT Racing Game,371
Angry Birds Space,371
Fester Mudd: Curse of the Gold - Episode 1,371
Eador: Genesis,371
Woody Two-Legs: Attack of the Zombie Pirates,369
Tower of Guns,369
//N.P.P.D. RUSH//- The milk of Ultraviolet,368
Gunman Clive,366
Wildlife Park 3,366
The Apogee Throwback Pack,366
Soulbringer,364
Face Noir,364
Muffin Knight,364
Zombie Bowl-o-Rama,363
Musaic Box,363
Miner Wars Arena,363
Go Home Dinosaurs!,362
Gods Will Be Watching,361
Teslagrad,361
Space Channel 5: Part 2,361
Jack Keane 2 - The Fire Within,360
SEGA Bass Fishing,360
Postmortem: One Must Die (Extended Cut),359
Sherlock Holmes and The Hound of The Baskervilles,359
URU: Complete Chronicles,359
Gravi,358
Garshasp: Temple of the Dragon,357
Mata Hari,357
Winter Voices,357
Super Puzzle Platformer Deluxe,355
Realms of Arkania 3 - Shadows over Riva Classic,355
Lilly Looking Through,355
Supreme Ruler: Cold War,352
Retrovirus,352
Lost Planet: Extreme Condition Colonies Edition,351
GUN™,351
Yesterday,351
Harvester,351
Demonicon,350
Real Warfare 1242,350
LOVE,350
Enemy Mind,349
American Conquest: Fight Back,349
Fearless Fantasy,349
Realms of Arkania 1 - Blade of Destiny Classic,348
World War III: Black Gold,348
Hexcells,348
The Escapists,348
Critter Crunch,347
WAKFU,347
Swarm Arena,347
Realms of Arkania 2 - Star Trail Classic,346
FATE,345
Quantz,345
Angvik,345
Jack Orlando: Director's Cut,344
Gridrunner Revolution,344
SEASON OF MYSTERY: The Cherry Blossom Murders,344
Cossacks: Art of War,343
Aarklash: Legacy,342
Archon Classic,341
Dead Sky,341
Lords of Football,341
Ceville,340
Distant Worlds: Universe,340
Legends of Persia,340
Solar Flux,339
Fireburst,337
Pole Position 2012,336
Alpha Kimori™ 1,336
Bad Bots,335
Luxuria Superbia,335
Jane's Advanced Strike Fighters,335
Electronic Super Joy: Groove City,334
Fist Puncher,334
Ultionus: A Tale of Petty Revenge,334
Silent Hunter®: Wolves of the Pacific U-Boat Missions,333
Yosumin!™,333
Aztaka,333
Oniken,333
TowerFall Ascension,332
Age of Conan: Unchained,332
Door Kickers,332
Broken Sword 5 - the Serpent's Curse,332
Startopia,332
Diamond Dan,332
Sacred 3,331
Evolution RTS,331
Zombies Monsters Robots (ZMR),331
Dead State: Reanimated,330
Strategic War in Europe,330
Roller Coaster Rampage,329
Genesis Rising,329
Among the Sleep,329
UnderRail,328
CreaVures,328
Captain Morgane and the Golden Turtle,327
RADical ROACH Deluxe Edition,326
Castle of Illusion,325
Shadows: Price For Our Sins Bonus Edition,325
Blade Kitten,324
Trainz: Murchison 2,324
CONSORTIUM,323
Salvation Prophecy,322
Heroes of Annihilated Empires,322
Half-Life: Before,322
Double Dragon: Neon,322
Spate,321
Clones,320
NyxQuest: Kindred Spirits,320
Rescue - Everyday Heroes (U.S. Edition),319
ARMA: Combat Operations,319
"Warhammer 40,000: Kill Team",319
BIT.TRIP FATE,319
18 Wheels of Steel: American Long Haul,318
The Manhole: Masterpiece Edition,317
Spelunx and the Caves of Mr. Seudo,317
Cosmic Osmo and the Worlds Beyond the Mackerel,317
I Am Vegend - Zombiegeddon,316
Hate Plus,316
Dangerous High School Girls in Trouble!™,316
Chompy Chomp Chomp,314
Light of Altair,314
The Yawhg,314
Deadbreed®,314
Mutant Storm: Reloaded,314
Puzzler World,313
Aveyond 3-1: Lord of Twilight,313
Soundodger+,313
Silverfall,313
Vox,313
Blue Toad Murder Files™: The Mysteries of Little Riddle,312
AVSEQ,312
"Invisible, Inc.",312
Trucks & Trailers,311
Ohm Studio,311
RUNNING WITH RIFLES,310
Epigenesis,310
Heli Heroes,309
Yumsters 2: Around the World,308
Interplanetary,308
Hexcells Plus,308
SNOW,308
Bus Driver,307
Last Dream,307
YOU DON'T KNOW JACK Vol. 1 XL,307
Pineapple Smash Crew,307
Eleusis,307
Helldorado,307
"Hamlet or the Last Game without MMORPG Features, Shaders ...",306
Crazy Machines Elements,305
Air Forte,305
Drunken Robot Pornography,305
Omerta - The Japanese Incentive,303
Choplifter HD,303
Bloody Trapland,300
Abyss: The Wraiths of Eden,300
Rigonauts,299
NARUTO SHIPPUDEN: Ultimate Ninja STORM Revolution,298
Lili: Child of Geos - Complete Edition,298
Agarest: Generations of War Zero,298
Galactic Civilizations III,297
They Breathe,296
Volt,296
BeatBlasters III,296
Zigfrak,296
Silverfall: Earth Awakening,295
Noir Syndrome,295
Gas Guzzlers Extreme,295
Cinders,294
Imperial Glory,294
Dawn of Discovery™: Venice,294
All Zombies Must Die!: Scorepocalypse,294
Who's That Flying?!,293
TUG,293
Sweezy Gunner,293
Soldiers: Heroes of World War II,292
BIT.TRIP VOID,290
Horizon,289
4 Elements,288
World War II: Panzer Claws,288
Tiny Troopers,288
T.E.C. 3001,287
Ducati World Championship,286
Storm in a Teacup,286
Zombie Pirates,286
FaceRig,286
Victory: The Age of Racing,285
8BitBoy™,285
Tank Operations: European Campaign,284
Inversion™,284
Stick it to The Man!,284
Fowl Space,284
Babel Rising,283
Vector,283
YOU DON'T KNOW JACK MOVIES,283
Citadels,283
Card City Nights,282
Sub Command,282
Orbital Gear,282
688(I) Hunter/Killer,282
Jet Gunner,282
Murder Miners,282
Fleet Command,282
Small World 2,281
LUMINES™,281
3 Stars of Destiny,280
Defense Technica,279
The Book of Legends,279
BeamNG.drive,279
FootLOL: Epic Fail League,278
Batman™: Arkham Origins Blackgate - Deluxe Edition,278
Kill The Bad Guy,278
Abyss Odyssey,278
Glowfish,277
Shadow Harvest: Phantom Ops,277
Children of the Nile: Alexandria,277
Adventure Park,276
Angelica Weaver: Catch Me When You Can,276
Ampu-Tea,276
YOU DON'T KNOW JACK Vol. 3,275
Gomo,275
YOU DON'T KNOW JACK TELEVISION,275
YOU DON'T KNOW JACK Vol. 2,275
Darkwood,275
Super Killer Hornet: Resurrection,275
Trainz Settle and Carlisle,275
Insaniquarium Deluxe,274
YOU DON'T KNOW JACK HEADRUSH,274
Motte Island,272
YOU DON'T KNOW JACK Vol. 4 The Ride,272
LEGO® Star Wars™ III - The Clone Wars™,272
Towtruck Simulator 2015,272
Luxor Evolved,272
Oknytt,271
Vanguard Princess Director's Cut,271
R.I.P.D.: The Game,271
Prison Tycoon 3™: Lockdown,270
Rogue Shooter: The FPS Roguelike,270
Original War,269
Into the Dark: Ultimate Trash Edition,269
RollerCoaster Tycoon® 2: Triple Thrill Pack,269
YOU DON'T KNOW JACK SPORTS,268
Gimbal,268
Darkwind: War on Wheels,267
Spectromancer,266
Dominions 4: Thrones of Ascension,266
Rogue's Tale,265
Haegemonia: Legions of Iron,264
Carmageddon: Reincarnation,264
Coldfire Keep,263
Tribloos 2,263
NiGHTS Into Dreams,262
Speedball 2 HD,261
Trainz: Classic Cabon City,261
Quest of Dungeons,261
Project Temporality,261
Dark Void™ Zero,260
BlackSoul: Extended Edition,260
Pride of Nations,260
Revelations 2012,260
Litil Divil,259
Dark Void™,259
Contraption Maker,258
Diehard Dungeon,257
Myst V,257
Earth 2140,257
Warehouse and Logistics Simulator,257
The Amazing Spider-Man 2™,257
Battlepillars Gold Edition,257
Rag Doll Kung Fu,256
Entropy,256
Making History II: The War of the World,255
Influent,255
9.03m,255
FarSky,255
International Snooker,254
Caster,253
Knock-knock,253
F1 RACE STARS™,253
Marc Eck?'s Getting Up: Contents Under Pressure,253
Reach for the Sun,252
Pickers,252
Desert Thunder,251
Gray Matter,251
Midnight Mysteries 4: Haunted Houdini,251
Freaking Meatbags,251
Praetorians,250
Infinite Space III: Sea of Stars,250
C-RUSH,249
Kill Fun Yeah,249
Midnight Mysteries,248
Dracula: Love Kills,247
Artemis Spaceship Bridge Simulator,247
Gentlemen!,246
Space Quest™ Collection,246
For The Glory: A Europa Universalis Game,246
Kohan II: Kings of War,246
Hand of Fate,245
WRC 4 FIA World Rally Championship,245
Realms of the Haunting,245
Manhunter,244
Cobi Treasure Deluxe,244
Crusaders: Thy Kingdom Come,244
FortressCraft Evolved!,243
Chronicles of Mystery: The Scorpio Ritual,243
Overcast - Walden and the Werewolf,243
Inside a Star-filled Sky,243
Cold War,242
realMyst: Masterpiece Edition,242
Marine Sharpshooter II: Jungle Warfare,242
Mr. Bree+,242
Lucidity™,241
Perimeter,241
Haegemonia: The Solon Heritage,241
Ether One,241
New Star Soccer 5,241
Clutch,241
Time Ramesside (A New Reckoning),240
DETOUR,239
Hotel Giant 2,239
Space Giraffe,238
Shiny The Firefly,235
Blockstorm,235
Bientôt l'été,235
Reaxxion,235
Drakensang: The River of Time,235
Dysan the Shapeshifter,233
Montas,233
Heavy Weapon Deluxe,233
Battle Worlds: Kronos,231
Rhythm Destruction,231
RollerCoaster Tycoon®: Deluxe,230
Guise Of The Wolf,229
UFO: Aftershock,228
Tiny Barbarian DX,228
Air Conflicts: Vietnam,228
Alter Ego,228
Ichi,227
Subject 9,227
Zuma Deluxe,227
Ride 'em Low,227
BC Kings,226
Magical Drop V,226
CT Special Forces: Fire for Effect,226
Starscape,225
The Settlers®: Rise Of An Empire Gold Edition,225
Project Freedom,225
Saints Row: The Third Initiation Station,225
Cloning Clyde,224
Perimeter 2: New Earth,224
Avadon 2: The Corruption,223
Cannon Brawl,223
Cube & Star: An Arbitrary Love,222
Planet Stronghold,222
A-Train 8,222
Midnight Mysteries 3: Devil on the Mississippi,222
Omegalodon,222
Violett Remastered,221
Alternativa,221
Enemy Front,221
Our Darker Purpose,221
Governor of Poker 2 - Premium Edition,221
Incoming Forces,220
KRUNCH,220
Bejeweled 2 Deluxe,219
Midnight Mysteries: Salem Witch Trials,219
Home Sheep Home 2,219
Poöf,219
Hunting Unlimited 2010,219
UFO: Aftermath,219
The Impossible Game,218
Hegemony Rome: The Rise of Caesar,218
Melody's Escape,218
ThreadSpace: Hyperbol,217
Highborn,216
Eschalon: Book III,216
Xpand Rally,216
Bookworm Adventures Deluxe,216
Hard Truck Apocalypse / Ex Machina,216
The Path - Prologue,214
Joint Task Force,213
KickBeat Steam Edition,213
Luxor: 5th Passage,212
MirrorMoon EP,212
Swipecart,212
Anomaly Warzone Earth Mobile Campaign,211
Xpand Rally Xtreme,211
Hyper Fighters,211
Monopoly,210
World Basketball Manager 2010,210
Pound of Ground,210
Little Farm,209
Castlevania: Lords of Shadow – Mirror of Fate HD,209
WARMACHINE: Tactics,209
US and THEM,209
Explodemon,208
Joe Danger,208
Full Bore,208
Tomb Raider - The Final Hours Digital Book,208
Magrunner: Dark Pulse,207
Watchmen: The End is Nigh,206
Forge Quest,206
Farm for your Life,206
ibb & obb,206
Armada 2526 Gold Edition,206
"7,62 High Calibre",205
Tiny Brains,205
Oozi: Earth Adventure,204
Meridian: New World,204
Aeon Command,203
Rush for Glory,203
Continue?9876543210,201
Age of Booty™,201
Akaneiro: Demon Hunters,201
Inescapable,201
Memento Mori,200
Armada 2526,199
Bunny Must Die! Chelsea and the 7 Devils,199
Wooden Sen'SeY,199
Dyad,199
Hotel Collectors Edition,198
Millennium - A New Hope,198
Probability 0,198
Dementium II HD,198
The Castle Doctrine,197
Space Farmers,197
Deadfall Adventures,197
Ninja Reflex: Steamworks Edition,196
Special Forces: Team X,196
Ghostbusters: Sanctum of Slime,196
Millie,196
Truck Racer,196
Steel & Steam: Episode 1,195
Ultimate General: Gettysburg,195
Crimsonland,195
The Samaritan Paradox,195
8-Bit Commando,194
Croixleur Sigma,194
SpellForce 2 - Demons of the Past,194
The Club™,194
Slip,194
G-Ball,194
Konung 2,193
Test Drive: Ferrari Racing Legends,193
LocoCycle,192
The Last Express Gold Edition,192
Return to Mysterious Island,191
Humans Must Answer,191
Where Angels Cry,191
Dark Shadows - Army of Evil,191
Perfection.,191
Particulars,191
Ku: Shroud of the Morrigan,190
Zooloretto,190
Reaper - Tale of a Pale Swordsman,189
Freedom Fall,189
Doctor Who: The Adventure Games,188
Shadowrun: Dragonfall - Director's Cut,188
Year Walk,188
Chainsaw Warrior,188
18 Wheels of Steel: Extreme Trucker,188
Jack Keane,187
The Egyptian Prophecy: The Fate of Ramses,186
Helicopter Simulator 2014: Search and Rescue,186
A Wizard's Lizard,186
Montague's Mount,186
Supreme Ruler 1936,185
Puzzler World 2,185
Ankh 2: Heart of Osiris,185
Legend of Fae,185
LUMINES™ Advance Pack,184
Ancients of Ooga,184
Parkan 2,184
Axel & Pixel,183
DIVO,183
SuperPower 2 Steam Edition,183
Nightmares from the Deep 2: The Siren`s Call,183
Nostradamus: The Last Prophecy,183
Bumbledore,183
Earthworm Jim 2,182
White Noise Online,182
Gravitron 2,182
3SwitcheD,182
Earthworm Jim 3D,182
Dark Scavenger,181
Tales From The Dragon Mountain: The Strix,181
Culpa Innata,181
Narco Terror,181
Hazen: The Dark Whispers,181
Bone: Out From Boneville,181
Ascension to the Throne,180
Victim of Xen,180
Bone: The Great Cow Race,180
El Matador,180
Kohan: Immortal Sovereigns,179
Black Ink,179
Loadout Steam Launch Starter Pack,179
Dead Effect,179
Echo of the Wilds,178
Luxor 3,178
Corporate Lifestyle Simulator,178
Soul Gambler,178
Kohan: Ahriman's Gift,178
Block Story™,177
Hunting Unlimited™ 2008,177
The Novelist,177
Toy Soldiers: Complete,177
Pandora: First Contact,177
World War 2: Time of Wrath,176
The Desolate Hope,176
Cabela's® Big Game Hunter® Pro Hunts,176
Konung 3: Ties of the Dynasty,175
Lethal League,175
Hegemony Gold: Wars of Ancient Greece,175
Telltale Texas Hold ‘Em,175
The Culling Of The Cows,174
The UnderGarden,174
Ride! Carnival Tycoon,174
Kingdom Elemental,174
Meltdown,173
Zombie Tycoon 2: Brainhov's Revenge,173
Flock!,173
The Crew™,173
Return to Mysterious Island 2,172
Loki,171
IHF Handball Challenge 12,171
King's Bounty: Dark Side,171
7 Wonders: Ancient Alien Makeover,171
Labyrinthine Dreams,171
Lost Horizon,170
NEStalgia,170
Loren The Amazon Princess,170
Glare,170
Magicka: Wizards of the Square Tablet,170
The Cat and the Coup,169
Pressured,169
Mini Metro,168
Chicken Shoot Gold,168
Terrorhedron,167
Ninja Blade,167
Demolition Company Gold Edition,166
Big Brain Wolf,166
Chronology,165
Racer 8,165
Freespace 2,165
Always Sometimes Monsters Demo,164
Coma: Mortuary,164
Ms. Splosion Man,163
Smooth Operators,162
A Story About My Uncle,162
Secret Ponchos,162
Power of Defense,160
Flashback,160
Akane the Kunoichi,160
Kingdom Tales,160
Tiny Thief,159
Planet Alcatraz,159
Sprint Cars Road to Knoxville,159
Truffle Saga,159
Heavy Fire: Afghanistan,159
Watchmen: The End is Nigh Part 2,159
Mad Riders™,158
Coniclysm,158
Sentinel,158
Whispering Willows,158
Crystals of Time,158
Maelstrom: The Battle for Earth Begins,158
Ankh 3: Battle of the Gods,158
Achron,157
MDK 2,157
Real World Racing,157
WazHack,157
3DMark 11,157
MDK,157
9th Company: Roots Of Terror,156
Adventure Time: Finn and Jake's Epic Quest,156
Richard & Alice,155
Zombie Driver HD Tropical Race Rage,155
Science Girls,155
LUXOR: Mah Jong,155
Pro Cycling Manager 2013,155
Midnight Outlaw: 6 Hours to SunUp,155
FRACT OSC,154
Panzer Corps,154
Prison Tycoon 4: SuperMax,153
Project Root,153
Calibre 10 Racing,153
Metal Planet,153
Dominions 3: The Awakening,152
Isomer,152
Super Lemonade Factory,152
Dreaming Sarah,152
Super Motherload,152
A Walk in the Dark,151
Cult of the Wind,150
Fading Hearts,150
Robot Rescue Revolution,150
Colour Bind,149
Bejeweled Deluxe,148
Gang Beasts,148
Risk,148
Habitat,148
The Sun at Night,147
YOU DON’T KNOW JACK®,147
Luxor 2 HD,147
Lords of the Black Sun,147
Paranormal State: Poison Spring,147
A.I.M.2 Clan Wars,146
Final Exam,146
The Age of Decadence,146
Heileen 1: Sail Away,145
Din's Curse,145
"Crazy Machines 2: Invaders From Space, 2nd Wave DLC",145
COIL,145
Everyday Genius: SquareLogic,144
Half Minute Hero: The Second Coming,144
Lost Civilization,144
Spy Chameleon - RGB Agent,144
Super Panda Adventures,143
Tales of Adventure 2,143
World Basketball Tycoon,143
10 Second Ninja,142
Monster Trucks Nitro,142
A.I.M. Racing,142
Last Knight: Rogue Rider Edition,141
Clockwork Tales: Of Glass and Ink,141
The Campaign Series: Fall Weiss,141
Robot Roller-Derby Disco Dodgeball,141
Escape Goat 2,141
Crawl,141
Carmageddon Max Pack,141
Void Destroyer,141
Final Rush,140
FLASHOUT 2,140
Blazing Angels® 2: Secret Missions of WWII,140
Paradigm Shift,140
Bookworm™ Adventures Volume 2,140
Crazy Machines: Golden Gears,140
0RBITALIS,140
Magnetis,139
Growing Pains,139
Ludwig,139
The Inner World,139
Exodus from the Earth,139
SlamIt Pinball Big Score,139
Construction Machines 2014,139
Pat & Mat,138
Sniper Art of Victory,138
Summoner,138
Darkest of Days,138
Deep Black: Reloaded,138
Dark Matter,137
Armed and Dangerous®,137
Dracula 3: The Path of the Dragon,137
City Life 2008,136
Ionball 2: Ionstorm,136
Dimensity,135
Chuzzle Deluxe,135
Blast Em!,135
Hard Truck Apocalypse: Rise Of Clans / Ex Machina: Meridian 113,135
Dracula: The Resurrection,134
Dracula 2: The Last Sanctuary,134
Cold Fear™,134
Mining & Tunneling Simulator,134
Constant C,134
Doctor Who: The Eternity Clock,134
Fuse,133
DRAKERZ-Confrontation,133
Frederic: Resurrection of Music,132
Assassin's Creed Freedom Cry,132
Heroes of Steel RPG,132
Always Remember Me,132
Bejeweled Twist,132
The Howler,131
Drox Operative,131
Shadows on the Vatican Act I: Greed,131
Recovery Search & Rescue Simulation,130
The Graveyard,130
Project CARS,129
Tryst,129
Arcadia,129
Cladun X2,129
Pixel Puzzles: Japan,129
DreadOut,128
Memories of a Vagabond,128
STARWHAL,127
OlliOlli,127
SPACECOM,127
Tachyon: The Fringe,127
ORB,126
RefleX,126
Cloudberry Kingdom™,126
Fight The Dragon,125
Eurofighter Typhoon,125
The Witch's Yarn,125
BIT.TRIP FLUX,125
Cricket Revolution,124
Governor of Poker 2,124
Dungeon Dashers,124
Pro Cycling Manager 2012,124
Time of Shadows,124
The Mysterious Cities of Gold,124
Typer Shark! Deluxe,124
Echo Prime,123
Mightier,123
Intake,123
Discovery! A Seek and Find Adventure,123
Dungeons: The Eye of Draconus,123
Chainz 2: Relinked,123
7 Wonders II,123
Splatter - Blood Red Edition,123
Crash Time 3,122
Patterns,122
Battlepaths,122
Dynomite Deluxe,121
The Few,121
Demolition Master 3D,121
Farming Giant,121
Tesla Effect: A Tex Murphy Adventure,121
Shadowrun Chronicles - Boston Lockdown,121
Smugglers 5,120
Marauder,119
Vitrum,119
Heileen 3: New Horizons,118
Chip,118
Mayhem Intergalactic,118
Secret Files Tunguska,118
MotoGP™13,118
Call of Cthulhu: The Wasted Land,117
Signal Ops,117
Rocket Mania Deluxe,117
Ubersoldier II,116
Subnautica Terrain Test,116
Big Money! Deluxe,116
Rush for Berlin Gold,116
AstroPop Deluxe,115
The Golf Club,115
Act of War: High Treason,115
The Settlers®: Heritage of Kings,115
Alone in the Dark,114
Catan: Creator's Edition,114
Pizza Frenzy Deluxe,114
Hammer Heads Deluxe,114
Storm,114
Freddi Fish and The Case of the Missing Kelp Seeds,114
CameraBag 2,113
A Stroke of Fate: Operation Valkyrie,113
Perpetuum,113
Sudeki,113
Mystery P.I.™ - The Vegas Heist,113
Far Cry® 4,112
PlayClaw - Game Recording and Streaming,112
Between,112
Pajama Sam: No Need to Hide When It's Dark Outside,112
Jagged Alliance 1: Gold Edition,112
Steam Bandits: Outpost,112
Great Big War Game,112
Driver® Parallel Lines,111
Beware Planet Earth.,111
Max: The Curse of Brotherhood,111
Putt-Putt® Joins the Parade,111
RPG Tycoon,111
Talismania Deluxe,110
Iggle Pop Deluxe,110
Amazing Adventures The Lost Tomb™,110
iPi Recorder 2,110
Al Emmo and the Lost Dutchman's Mine,110
Lovely Planet,109
Guns n Zombies,108
Mystery P.I.™ - The Lottery Ticket,108
Secret Files 2: Puritas Cordis,108
Night Shift,108
Samantha Swift and the Golden Touch,108
Act of War: Direct Action,107
Venice Deluxe,107
Scary Girl,107
LogiGun,107
Depths of Fear :: Knossos,106
Delta Force: Black Hawk Down,106
Call of Duty: Black Ops - Mac Edition,106
Enigmatis 2: The Mists of Ravenwood,106
Haunt the House: Terrortown,106
Heavy Bullets,106
Luxor 2,106
Faces of War,105
Samantha Swift and the Hidden Roses of Athena,105
CubeGun,104
Comanche 4,104
Brigade E5: New Jagged Union,104
Samurai Gunn,104
Racing Manager 2014,103
Heroes Rise: The Prodigy,103
Clockwork Empires,103
BorderZone,103
Fatale,103
WORLD END ECONOMiCA episode.01,103
Sea Dogs: To Each His Own,102
Aqua Kitty - Milk Mine Defender,102
Train Fever,101
Heroes Rise: The Hero Project,101
FATE: Undiscovered Realms,101
Space Ark,101
Puzzle Chronicles,100
Total Pro Golf 3,100
Abalone,100
"\"Spy Fox in \"\"Dry Cereal\"\"\"",100
MURI,100
Amazing Adventures Around the World,100
LEGO® Indiana Jones™ 2: The Adventure Continues,99
rymdkapsel,99
Color Symphony,98
BloodRayne Betrayal,98
Numba Deluxe,98
Pretentious Game,97
Freight Tycoon Inc.,97
RC Cars,97
Pixel Boy and the Ever Expanding Dungeon,97
Middle-earth™: Shadow of Mordor™,96
Drakensang - Phileasson's Secret,96
Girls Like Robots,96
War in a Box: Paper Tanks,95
Sudokuball Detective,95
Acceleration of SUGURI X-Edition HD,95
1954 Alcatraz,95
GTGD S1: More Than a Gamer,95
Paper Dungeons,95
Faery - Legends of Avalon,95
Wild Warfare,94
LEGO® Indiana Jones™: The Original Adventures,94
Ascendant,94
Deponia: The Complete Journey,94
F-22 Lightning 3,94
Mystery P.I.™ - The New York Fortune,93
"Warhammer 40,000: Storm of Vengeance",93
Jagged Alliance Flashback,93
Advent Rising,93
Rebuild 3: Gangs of Deadsville,93
Codename: Panzers - Cold War,93
PT Boats: South Gambit,93
Redneck Racers,93
Mosby's Confederacy,93
Art Rage 4,92
Check vs Mate,92
Starlight Inception™?,92
Tetrobot and Co.,92
Clans,92
SUGURI,92
1001 Spikes,92
ROCKETSROCKETSROCKETS,92
B.U.T.T.O.N. (Brutally Unfair Tactics Totally OK Now),91
The Wizard's Pen™,91
Kingpin — Life of Crime,91
Data Hacker: Initiation,91
Delta Force — Black Hawk Down: Team Sabre,91
Zeit²,91
The Fifth Day,90
Ziro,90
Rocket Knight,89
Adventure Time:  Explore the Dungeon Because I DON’T KNOW!,89
Battle: Los Angeles,88
Reversion - The Meeting (2nd Chapter),88
9 Clues: The Secret of Serpent Creek,88
Braveland,88
Obscure,88
Hack 'n' Slash,88
Secret Files 3,87
Iron Storm,87
PT Boats: Knights of the Sea,87
Life Goes On,87
Dead Man's Draw,86
Vancouver 2010™ - The Official Video Game of the Olympic Winter Games,86
Elder Sign: Omens,86
Nimble Quest,86
Cabela's® Dangerous Hunts 2013,85
Adventurer Manager,85
Pajama Sam 3: You Are What You Eat From Your Head To Your Feet,85
Delta Force 2,85
Delta Force,85
Star Ruler 2,85
Theme Park Studio,85
Dead Mountaineer's Hotel,85
The Promised Land,85
Rage Runner,85
MDK2 HD,85
The Great War 1918,85
Pajama Sam 2: Thunder and Lightning Aren't So Frightening,85
Pajama Sam 4: Life Is Rough When You Lose Your Stuff!,85
Eterium,84
Super Splatters,84
Riptide GP2,84
Lantern Forge,84
Nicolas Eymerich - The Inquisitor - Book 1 : The Plague,84
Starlite: Astronaut Rescue - Developed in Collaboration with NASA,84
The Sandbox,84
"\"Spy Fox 2 \"\"Some Assembly Required\"\"\"",84
Crypt of the Necrodancer Original Danny Baranowsky Soundtrack,83
MouseCraft,83
Z,83
X-Plane 10 Global - 64 Bit,83
Fray: Reloaded Edition,83
Halfway,83
BloodRayne 2,83
Pajama Sam's Lost & Found,82
Chernobyl Commando,82
Bus-Simulator 2012,82
Descent: FreeSpace – The Great War,81
Spy Fox In: Cheese Chase,81
Pixel Hunter,81
Rodina,81
Pajama Sam's Sock Works,81
"\"Spy Fox 3 \"\"Operation Ozone\"\"\"",81
Sentinel 3: Homeworld,81
Global Ops: Commando Libya,81
MiG-29 Fulcrum,80
Pro Cycling Manager 2014,80
Necronomicon: The Dawning of Darkness,80
Spy Fox In: Hold the Mustard,80
Road Not Taken,79
NaissanceE,79
Putt-Putt® and Pep's Balloon-o-Rama,79
Speed Kills,79
Putt-Putt® Goes to the Moon,79
F-16 Multirole Fighter,79
Race To Mars,79
Residue: Final Cut,79
Timelines: Assault on America,79
Another Perspective,78
Shantae: Risky's Revenge - Director's Cut,78
Magicians & Looters,78
Post Master,78
GTI Racing,78
Freddi Fish 2: The Case of the Haunted Schoolhouse,78
Delta Force Land Warrior,77
OMSI 2: Steam Edition,77
Freddi Fish and Luther's Maze Madness,77
Armored Fist 3,76
Jet Car Stunts,76
Cabela's® Big Game Hunter™ Trophy Bucks,75
Blockscape,75
Freddi Fish 3: The Case of the Stolen Conch Shell,75
Luxor: Quest for the Afterlife,75
Coin Crypt,75
Trino,74
Putt-Putt® Travels Through Time,73
Spice Road,73
Putt-Putt® Saves the Zoo,73
liteCam Game: 100 FPS Game Capture,73
Freedom Planet,73
Emerald City Confidential™,73
1849,73
Luxor,72
Delta Force: Task Force Dagger,72
GoD Factory: Wingmen,72
Putt-Putt® and Fatty Bear's Activity Pack,72
Putt-Putt®: Pep's Birthday Surprise,72
Star Raiders,72
MXGP - The Official Motocross Videogame,72
Heroes of a Broken Land,72
Micron,72
Putt-Putt® Enters the Race,71
Virtual DJ - Broadcaster Edition,71
aerofly FS,71
Luxor Amun Rising,71
Glacier 3: The Meltdown,71
Putt-Putt® Joins the Circus,71
Putt-Putt® and Pep's Dog on a Stick,70
Freddi Fish 4: The Case of the Hogfish Rustlers of Briny Gulch,70
Platformines,70
Freddi Fish 5: The Case of the Creature of Coral Cove,70
Stonerid,70
Crimzon Clover WORLD IGNITION,70
Stick RPG 2: Director's Cut,70
Freddi Fish and Luther's Water Worries,70
Assault Android Cactus,70
Obscure II (Obscure: The Aftermath),70
Alone in the Dark: The New Nightmare,70
Colin McRae Rally,69
MIND: Path to Thalamus Enhanced Edition,69
The Game of Life,69
Cabela’s® African Adventures,69
Evopollution,69
From the Depths,69
Millennium 2 - Take Me Higher,69
7 Wonders: Treasures of Seven,68
Dracula 4 and  5 - Special Steam Edition,68
Wildlife Park 2 - Fantasy,68
Fish Tycoon,68
Unclaimed World,68
Victory At Sea,68
Bionic Heart,68
3D Ultra™ Minigolf Adventures,68
Plant Tycoon,67
Delta Force Xtreme 2,67
FINAL FANTASY® XI: Ultimate Collection Seekers Edition,67
Mashed,67
Asteria,67
Danmaku Unlimited 2,67
TRANSFORMERS™: Rise of the Dark Spark,67
Ghostship Aftermath,67
Knightmare Tower,66
Virtual Villagers - The Secret City,65
Haunted House™,65
Hive,64
FaeVerse Alchemy,64
Organic Panic,64
Zen of Sudoku,64
MUD Motocross World Championship,64
BloodRayne,64
The Clockwork Man,63
Omikron: The Nomad Soul,63
Smash Cars,63
Rhiannon: Curse of the Four Branches,63
Clickteam Fusion 2.5,62
Wildlife Park 2,61
Virtual Villagers: A New Home,61
Battle Group 2,61
Shattered Planet,61
Delta Force: Xtreme,61
Vangers,61
Wildlife Park 2 - Dino World,60
Actual Sunlight,60
Drifter,60
Game Tycoon 1.5,59
Rabbit Hole 3D: Steam Edition,59
Mystery P.I. - Lost in Los Angeles,59
Glitchspace,59
Guacamelee! Super Turbo Championship Edition,59
Vlad the Impaler,58
Rotastic,58
Graviteam Tactics: Operation Star,58
Nancy Drew®: Curse of Blackmoor Manor,58
Z3TA+ 2,58
Masterspace,58
Eternity's Child,58
Railroad Pioneer,57
Urban Chaos,57
Close Combat - Gateway to Caen,57
The Room,57
Diner Dash:® Hometown Hero™,57
Vertiginous Golf,56
Driver Fusion Premium,56
Hatoful Boyfriend,56
Virtual Villagers: The Lost Children,56
FIST OF AWESOME,56
Tycoon City: New York,56
Dungeonmans,56
The Dungeoning,55
Spark Rising,55
Chocolatier®: Decadence by Design™,55
The Secret Of Hildegards,55
Evil Pumpkin: The Lost Halloween,55
PixelJunk™ Nom Nom Galaxy,54
My Lands: Black Gem Hunting,54
Infectonator : Survivors,54
Collapse,54
Lexica,54
Rayman Raving Rabbids™,54
Crea,54
Nancy Drew: Trail of the Twister,53
Manga Maker Comipo,53
Wrack,53
Chaos Theory,53
Hexodius,53
Dream Chronicles®: The Chosen Child™,53
GTGD S2: Just One Dev,53
Showtime!,53
Farming World,52
Salammbô: Battle for Carthage,52
The Memory of Eldurim,52
Masters of the World - Geopolitical Simulator 3,52
GamersGoMakers,52
Lords of Xulima,52
Wildlife Park 2 - Marine World,52
articy:draft SE,52
OMG Zombies!,51
Warrior Kings: Battles,51
Cabela's® Hunting Expeditions,51
Rising Angels: Reborn,50
Recruits,50
Foosball - Street Edition,50
Wildlife Park 2 - Horses,50
Spirited Heart Deluxe,50
Real Boxing™,50
Vertical Drop Heroes HD,49
Wildlife Park 2 - Crazy Zoo,49
Space Ace,49
Hard Truck Apocalypse: Arcade / Ex Machina: Arcade,49
Cut the Rope,49
The Nightshift Code™,49
Three Dead Zed,49
Cooking Dash®,49
Theatre Of The Absurd,48
Petz® Catz® 2,48
Wandering Willows™,48
Unrest,48
Perimeter: Emperor's Testament,48
The Treasures of Montezuma 4,48
Nancy Drew®:  Secrets Can Kill REMASTERED,48
RaySupreme 3D,48
In Verbis Virtus,48
Runers,48
Wildlife Park 2 - Farm World,48
Farm Frenzy 2,48
Sky Nations,48
The Entente Gold,47
Commander: The Great War,47
Stranded,47
Conflict Desert Storm™,47
Pox Nora,47
Orc Attack: Flatulent Rebellion,47
Build-A-Lot 4: Power Source,47
Qbeh-1: The Atlas Cube,47
The Cameron Files: The Secret at Loch Ness,47
Blood: One Unit Whole Blood,46
Thrillville®: Off the Rails™,46
Blackwell Epiphany,46
Mars Colony:Challenger,46
Ski Region Simulator - Gold Edition,46
DinerTown Tycoon,46
Tradewinds Classics,46
ArcheBlade™: All Access,46
Super Time Force Ultra,46
Fast & Furious™: Showdown,45
The Clockwork Man: The Hidden World,45
Deathtrap Dungeon,45
Frozen State,45
Selknam Defense,45
Farming Simulator 15,45
GearCity,45
Farm Frenzy 4,45
Chuck's Challenge 3D,45
Desert Gunner,45
Diaper Dash®,45
MAV,45
Colonies Online,44
War on Folvos,44
Warrior Kings,44
Anomaly Defenders,44
Moebius: Empire Rising,44
The Last Door - Collector's Edition,44
Battle Chess: Game of Kings™,44
KEL Reaper of Entropy,44
Farm Frenzy,44
Empress Of The Deep,43
Industry Empire,43
Zenerchi®,43
Nancy Drew®: Ghost Dogs of Moon Lake,43
Hotel Dash™ Suite Success™,43
Build-A-Lot,43
Raycatcher,43
Frozen Cortex,43
The Maker's Eden,42
Petz® Horsez® 2,42
Nancy Drew®: The Haunting of Castle Malloy,42
PAC-MAN™ and the Ghostly Adventures,42
Wedding Dash® 2: Rings Around the World,41
GhostControl Inc.,41
Bridge Constructor Medieval,41
Cranky Cat,41
Legend - Hand of God,41
Shadows: Heretic Kingdoms,41
Airship Dragoon,41
Tex Murphy: Mean Streets,41
Farm Frenzy 3,40
A-Men,40
Tommy Tronic,40
Tex Murphy: Under a Killing Moon,40
Super Toy Cars,40
Shadowgate (2014),40
Tex Murphy: Overseer,40
Screencheat,40
Pyroblazer®,40
Dive to the Titanic,40
Heroes Rise: HeroFall,40
Tex Murphy: The Pandora Directive,40
Valerie Porter and the Scarlet Scandal™,40
Fantasy Grounds,39
Doom Rails,39
Empress Of The Deep 2: Song Of The Blue Whale,39
Build-A-Lot 2: Town of the Year,39
Nightshift Legacy: The Jaguar's Eye™,39
Farm Frenzy: Pizza Party,39
Tex Murphy: Martian Memorandum,39
Where is my Heart?,39
Yar's Revenge,39
DinerTown Detective Agency™,39
Aces of the Galaxy™,38
Super Comboman: Don't Mash Edition,38
Sokobond,38
Avoid - Sensory Overload,38
Build-A-Lot 3: Passport to Europe,38
Storm over the Pacific,38
Detective Case and Clown Bot in: Murder in the Hotel Lisbon,38
Defense Zone 2,38
Drug Wars,38
Mahjong Roadshow™,37
Strata,37
Fitness Dash™,37
Gemini Lost™,37
TriJinx: A Kristine Kross Mystery™,37
Nancy Drew®: The Haunted Carousel,37
Dominique Pamplemousse,37
The Terminal 2,37
Black Mirror II,37
Drawn®: The Painted Tower,37
Out There Somewhere,37
Rambo The Video Game: Baker Team,36
Mahjong Quest Collection,36
Over 9000 Zombies!,36
Jumpdrive,36
Catzilla 4K - Advanced,36
Super Trench Attack!,36
Toxic Bunny HD,36
Dungeon of Elements,35
Rogue Stormers,35
Nancy Drew®: Ransom of the Seven Ships,35
Of Guards And Thieves,35
Firefighters 2014,35
Procyon,35
Making History: The Great War,35
Farm Frenzy 3: American Pie,35
Rain Blood Chronicles: Mirage,35
Life is Feudal: Your Own,35
Titanfall - The Final Hours,35
MorphVOX Pro - Voice Changer,35
Frayed Knights: The Skull of S'makh-Daon,35
Ninja Cats vs Samurai Dogs,35
The Floor is Jelly,35
Choice of the Deathless,35
Ground Pounders,34
Pandemonium,34
Jewel Quest Pack,34
Nancy Drew®:  Shadow at the Water's Edge,34
3D-Coat V4,33
Black Ice,33
FATE: The Traitor Soul,33
Bravada,33
Westward® IV: All Aboard,33
Songs2See,33
PAC-MAN MUSEUM™,33
Global Outbreak: Doomsday Edition,33
Black Mirror III,32
Dusty Revenge:Co-Op Edition,32
MotoGP™14,32
I Shall Remain,32
Secret Files: Sam Peters,32
Death and the Fly,32
Trace Vector,32
Journal,32
Counter-Strike Nexon: Zombies,32
Leadwerks Game Engine,31
Ziggurat,31
Spaceforce Constellations,31
Aggression: Europe Under Fire,31
OTTTD,31
Fancy Skulls,31
Chaos Domain,31
Monochroma,31
Dragon's Lair 2: Time Warp,31
Mishap: An Accidental Haunting,31
Crazy Plant Shop,31
Panzer Tactics HD,31
Let's Sing,31
MoonBase Commander,30
Aartform Curvy 3D 3.0,30
Don Bradman Cricket 14,30
Krautscape,30
Northmark: Hour of the Wolf,30
Nancy Drew®: Last Train to Blue Moon Canyon,30
Children of Liberty,30
Zoo Rampage,30
GAUGE,30
Eidolon,29
Nancy Drew®: The White Wolf of Icicle Creek,29
Power-Up,29
Galactic Command Echo Squad SE,29
Poker Superstars II,29
Arcadecraft,29
Action! - Gameplay Recording and Streaming,29
Nancy Drew® Dossier™: Resorting to Danger!,29
Gold Rush! Classic,29
Pineview Drive,29
Depth Hunter 2: Deep Dive,29
Line Of Defense Tactics - Tactical Advantage,28
Nancy Drew®: Legend of the Crystal Skull,28
Battleship,28
Undead Overlord,28
All Aspect Warfare,28
Massive Assault Network 2,28
Darkfall Unholy Wars,28
Pixel Puzzles: UndeadZ,28
Detective Grimoire,28
The Lost Crown,28
ItzaZoo,28
Nancy Drew®: Alibi in Ashes,27
Rooks Keep,27
Cradle of Persia,27
Cradle of Rome,27
Pivvot,27
Victorian Admirals,27
Epic Space: Online,27
"Nancy Drew® Dossier™: Lights, Camera, Curses!",27
Pulstar,27
CRYENGINE,27
Nancy Drew®: The Phantom of Venice,27
Nancy Drew®: Warnings at Waverly Academy,27
Rex Rocket,27
Frederic: Evil Strikes Back,27
Creativerse,27
Wyv and Keep: The Temple of the Lost Idol,26
Nancy Drew ®: Danger on Deception Island,26
ItzaBitza,26
Quest for Infamy,26
The Last Tinker™: City of Colors,26
Nancy Drew®: Secret of the Old Clock,26
Romance of Rome,26
Petz® Dogz® 2,26
Damage Inc. Pacific Squadron WWII,25
Concursion,25
Massive Assault: Phantom Renaissance,25
Vector Thrust,25
LogoMaker 4,25
Pure Pool,25
Claustrophobia: The Downward Struggle,25
White Haven Mysteries,25
Borealis,25
Nancy Drew®: Secret of the Scarlet Hand,25
Bird Assassin,25
Nancy Drew®: The Creature of Kapu Cave,25
Draconian Wars,25
Ryse: Son of Rome,25
Escape From Paradise,25
Nancy Drew: The Captive Curse,25
Rulers of Nations,25
Massive Assault,25
Angle of Attack,25
Flockers™,25
Heldric - The legend of the shoemaker,25
World of Diving,25
Nancy Drew®: Danger by Design,24
Silo 2,24
Escape From Paradise 2,24
Nancy Drew: the Ghost of Thornton Hall,24
Monsters & Munitions,24
Tunnel Rats,24
Ballad of Solar,24
Civil War II,24
The Otherside: Realm of Eons,23
Brawlhalla,23
Merchants of Kaidan,23
Westward Collection,23
Gunhound EX,23
Rocko's Quest,23
Monster Mash,23
Z Steel Soldiers,23
Battle Academy,22
Claire,22
Escape The Museum,22
Joint Operations: Combined Arms Gold,22
4PM,22
Voodoo Whisperer Curse of a Legend,22
Shan Gui (??),22
Mevo and The Grooveriders,21
Son of Nor,21
Sledgehammer / Gear Grinder,21
Mission Runway,21
Qvadriga,21
ZAMB! Biomutant Extermination,21
The Tomorrow War,21
Battle Mages,21
Book of Legends,21
Princess Isabella - Return of the Curse,21
Castle: Never Judge a Book by its Cover,20
Anmynor Puzzles,20
Bad Mojo Redux,20
Nancy Drew: Tomb of the Lost Queen,20
Back to Bed,20
Tiestru,20
GestureWorks Gameplay,20
Cricket Captain 2014,20
Battleplan: American Civil War,20
Tradewinds Caravans + Odyssey Pack,20
Red Johnson's Chronicles - 1+2 - Steam Special Edition,20
QUALIA 3: Multi Agent,20
Dex,20
Virtual Families,20
Amazing Princess Sarah,20
Gridiron Solitaire,20
Iron Roses,19
Basketball Pro Management 2014,19
Wayward Manor,19
Momodora III,19
Scrabble,19
Tango Fiesta,19
Viktor,19
Dark Lore Mysteries: The Hunt For Truth,19
D.W.A.R.F.S.,19
Galactic Bowling,19
Bridge Constructor Playground,19
YAIBA: NINJA GAIDEN Z,19
Adventure Chronicles: The Search For Lost Treasure,19
Iron Soul,18
Q*bert: Rebooted,18
Princess Isabella,18
Malevolence: The Sword of Ahkranox,18
Mirror Mysteries 2,18
Rover Rescue,18
EPOCH,18
CAPSULE,18
Panzer Elite Action Gold Edition,18
Farm Machines Championships 2014,18
Adventurezator: When Pigs Fly,18
Point Perfect,18
Obludia,18
Derrick the Deathfin,18
Hot Wheels™ World’s Best Driver™,18
Burning Cars,18
Forsaken Uprising,18
Coconut Queen,17
Lost Marbles,17
Steel Storm A.M.M.O.,17
Dr. Daisy Pet Vet,17
Mirror Mysteries,17
Aveyond 3-2: Gates of Night,17
Super Granny Collection,17
Third Eye Crime,17
Gardens Inc. – From Rakes to Riches,17
Memento Mori 2,17
Cake Mania Collection,17
Viking Brothers,17
Young Justice: Legacy,17
Brain Spa,17
Terrian Saga: KR-17,17
Voodoo Dice,17
Hot Dish,17
Uprising44: The Silent Shadows,16
ACDSee 15,16
Ship Simulator: Maritime Search and Rescue,16
Cake Mania Main Street™,16
Mishap 2: An Intentional Haunting - Collector's Edition,16
Stronghold Crusader 2,16
Defense Zone,16
Stained,16
Time Mysteries 2: The Ancient Spectres,16
Escape The Lost Kingdom: The Forgotten Pharaoh,16
Hexcells Infinite,16
So Many Me,16
Cloud Chamber,16
Hippocampal: The White Sofa,15
The Journey Down: Chapter Two,15
Mega Coin Squad,15
7 Wonders: Magical Mystery Tour,15
DubWars,15
Retro Game Crunch,15
Direct Hit: Missile War,15
Comicado,15
Alex Hunter - Lord of the Mind Platinum Edition,15
7 Wonders of the Ancient World,15
Planet Busters,15
Crouching Pony Hidden Dragon,14
Shannon Tweed's Attack Of The Groupies,14
Road Redemption,14
Flower Shop: Summer In Fairbrook,14
Zoo Park,14
Mavis Beacon Teaches Typing Family Edition,14
Squirt's Adventure,14
Chicken Invaders 4,14
Kuros,14
Frontline : Road to Moscow,14
Heileen 2: The Hands Of Fate,14
Gauntlet™ Slayer Edition,14
Monsters Ate My Birthday Cake,14
Wings Over Europe,14
The Nightmare Cooperative,13
PCMark 8,13
Worlds of Magic,13
Orborun,13
Mahjongg Investigations: Under Suspicion,13
Tales From The Dragon Mountain 2: The Lair,13
Action Henk,13
Mosaico,13
Rube Works: The Official Rube Goldberg Invention Game,13
Millionaire Manor,13
Dark Horizons: Mechanized Corps,13
Mystery Case Files: Return to Ravenhearst,13
Echelon: Wind Warriors,13
MovieWriterPro,12
Long Night,12
Carmageddon 2: Carpocalypse Now,12
Hidden in Plain Sight,12
Millennium 3 - Cry Wolf,12
The House,12
Elizabeth Find M.D. - Diagnosis Mystery - Season 2,12
METAL SLUG X,12
Amerzone: The Explorer’s Legacy,12
Robin's Quest,12
Infinity Runner,12
Imagine Earth,12
Chess 2: The Sequel,11
Steam Squad,11
The Sum of All Fears,11
Hangeki,11
Mahjong Towers Eternity,11
Freeze Tag Fun Pack #1,11
Super Game Jam,11
"House of 1,000 Doors: Family Secrets Collector's Edition",11
Spaceforce Homeworld,11
Biozone,11
Radiant Defense,11
Styx: Master of Shadows,11
Blood II: The Chosen + Expansion,11
Cypress Inheritance: The Beginning,11
XenoRaptor,11
Fritz Chess 14,11
To End All Wars,11
Black Mirror,10
Luxor: Amun Rising HD,10
The Guild Gold Edition,10
Grim Legends: The Forsaken Bride,10
Black The Fall,10
McDROID,10
Blackbay Asylum,10
Jamsouls,10
Geekbench 3,10
Light,10
Revolution Ace,10
"Fairy Tale About Father Frost, Ivan and Nastya",10
Boo Bunny Plague,10
Spoiler Alert,10
FINAL FANTASY IV,10
The Happy Hereafter,10
Haunted Past: Realm of Ghosts,9
F-777 Song Pack,9
Spud's Quest,9
Yatagarasu Attack on Cataclysm,9
Bot Colony,9
Krita Gemini,9
Overruled!,9
Rooms: The Main Building,9
A Fistful of Gun,9
My Riding Stables: Life with Horses,9
Machines At War 3,9
The Counting Kingdom,8
Cyto,8
LA Cops,8
Munin,8
Mystery Case Files: Ravenhearst,8
Colossal Kaiju Combat™: Kaijuland Battles,8
Summer Athletics,8
Echelon,8
AR-K,8
Nancy Drew: The Deadly Device,8
Blinding Dark,8
Backstage Pass,8
Clan of Champions,8
HTR+ Slot Car Simulation,8
Altitude0: Lower & Faster,8
Retrobooster,7
Mystery Case Files: Huntsville,7
Pe-2: Dive Bomber,7
Gardens Inc. 2: The Road to Fame,7
My Riding Stables,7
Time of Fury,7
300 Dwarves,7
Knight Squad,7
Proxy Blade Zero,7
AutoTileGen,7
My Tribe,7
AutoTileSet,7
Cubesis,7
Shadow Blade: Reload,7
My Best Friends - Cats & Dogs,7
The Vanishing of Ethan Carter,7
Rise of Prussia Gold,7
Mystery Case Files: Prime Suspects,7
Spellcrafter,7
Nearwood - Collector's Edition,7
Exodus,7
Dyscourse,7
The Hat Man: Shadow Ward,7
Vault Cracker,6
RECYCLE,6
A Vampyre Story,6
NoLimits 2 Roller Coaster Simulation,6
Dreamscapes: The Sandman - Premium Edition,6
Beijing 2008™ - The Official Video Game of the Olympic Games,6
Dark Raid,6
Mystery Case Files: Madame Fate,6
My Vet Practice: In the Country,6
Bloodbath,6
Morphopolis,6
Namariel Legends: Iron Lord Premium Edition,6
The Long Dark,6
Guilty Gear X2 #Reload,6
Zombie Solitaire,6
Them - The Summoning,6
Nicole (otome version),6
Riding Star,6
Azada,6
Advanced Tactics Gold,6
liteCam HD 5.0: Screen/Stream Capture,6
Hidden Expedition: Amazon,6
F1 2014,6
NeonXSZ,5
SPORT1 Live : Duel,5
Flower Shop: Winter In Fairbrook,5
Scooby Doo! & Looney Tunes Cartoon Universe: Adventure,5
Starion Tactics,5
The Battle of Sol,5
Sentris,5
Gunship!,5
Reprisal Universe,5
Zoom Player Steam Edition,5
Aritana and the Harpy's Feather,5
Brigador,5
My Pet Hotel 2,5
Legions of Ashworld,5
Shadow Ops: Red Mercury,5
Terraformer Expedition to Mars,5
House of 1000 Doors: The Palm of Zoroaster Collector's Edition,5
Cosmonautica,5
Heroes & Legends: Conquerors of Kolhar,5
Boson X,5
Professor Fizzwizzle and the Molten Mystery,5
Bounders and Cads,5
BOMB: Who let the dogfight?,5
FORCED SHOWDOWN,5
Infinite Game Works Episode 0,5
MAGIX Audio Cleaning Lab 2014,5
Liquid Rhythm,4
Monster Challenge Circus,4
fault milestone one,4
My Pet Hotel,4
Lost Chronicles of Zerzura,4
Fantasy Grounds - Savage Worlds Ruleset,4
Top Hat,4
Doorways: The Underworld,4
Train Town,4
Black Rainbow,4
IHF Handball Challenge 14,4
Taxi,4
One Day For Ched,4
Kick-Ass 2,4
Time Mysteries 3: The Final Enigma,4
Wing IDE 5,4
The Masterplan,4
Great Permutator,4
Voyage: Journey to the Moon,4
Curse: The Eye of Isis,4
Martial Arts: Capoeira,4
Appointment With FEAR,4
My Ex-Boyfriend the Space Tyrant,4
Blitzkrieg 2 Anthology,4
Hunters Of The Dead,3
Elminage Gothic,3
Iron Fisticle,3
Transport Giant,3
Hidden Expedition: Titanic,3
Triblaster,3
Pixeluvo,3
Small Town Terrors Pilgrim's Hook Collector's Edition,3
Fall of the New Age Premium Edition,3
Tinertia,3
School Bus Fun,3
Battle Mages: Sign of Darkness,3
Platypus,3
Indie Graphics Bundle - Royalty Free Sprites,3
Pro Rugby Manager 2015,3
planetarian ~the reverie of a little planet~,3
Sharpe Investigations: Death on the Seine,3
Fantasy Grounds - Call of Cthulhu Ruleset,3
Trainz Trouble,3
Velocibox,2
DanceWall Remix,2
The Talos Principle,2
Cosmochoria,2
MAGIX Audio & Music Lab 2014 Premium,2
liteCam Android: No Root Android Screen Recorder,2
Supreme Ruler Ultimate,2
Back To Life 2,2
4x4 Dream Race,2
Magicmaker,2
The Book of Unwritten Tales 2,2
Atlantis Sky Patrol,2
Brink of Consciousness: Dorian Gray Syndrome Collector's Edition,2
Dwelvers,2
Baron Wittard: Nemesis of Ragnarok,2
The Abbey,2
Monkey Tales Games,2
Dungeon Lurk II - Leona,2
Gender Bender DNA Twister Extreme,2
Biglands: A Game Made By Kids,2
Millennium 4 - Beyond Sunset,2
Alpha Zylon,2
Toast Time,2
Blitzkrieg Anthology,2
Hidden Expedition: Everest,2
Hero of Many,1
The Escapist,1
Fenix Rage,1
Railroad X,1
Unwell Mel,1
eden - 3D Screensaver,1
The Stalin Subway,1
Dusk 12,1
Ohmicide,1
Ford Racing Off Road,1
Maya LT (with Stingray),1
Sea Legends: Phantasmal Light Collector's Edition,1
LogicBots,1
New York Bus Simulator,1
Enola,1
Albedo: Eyes from Outer Space,1
Roundabout,1
Elegy for a Dead World,1
Melissa K. and the Heart of Gold Collector's Edition,1
MotorSport Revolution,1
Bedlam,1
Deep Under the Sky,1
Subnautica,1
Psichodelya,1
Extreme Roads USA,1
6180 the moon,1
Jane Angel: Templar Mystery,1
J.U.L.I.A.: Among the Stars,1
TinyKeep,1
See No Evil,1
